ID,FR,GB,PT,NL,DE
text_err_200_geohpf_gauche_defaut,Erreur : Sonde extérieure,New Text,New Text,New Text,New Text
text_err_201_geohpf_gauche_defaut,Défaut : Sonde extérieure,New Text,New Text,New Text,New Text
text_err_210_geohpf_gauche_defaut,Erreur : Sonde d'eau départ chauffage,New Text,New Text,New Text,New Text
text_err_211_geohpf_gauche_defaut,Défaut : Sonde d'eau départ chauffage,New Text,New Text,New Text,New Text
text_err_212_geohpf_gauche_defaut,Erreur : Sonde d'eau retour chauffage,New Text,New Text,New Text,New Text
text_err_213_geohpf_gauche_defaut,Défaut : Sonde d'eau retour chauffage,New Text,New Text,New Text,New Text
text_err_214_geohpf_gauche_defaut,Erreur : Pression d'eau chauffage,New Text,New Text,New Text,New Text
text_err_215_geohpf_gauche_defaut,Défaut : Pression d'eau chauffage,New Text,New Text,New Text,New Text
text_err_216_geohpf_gauche_defaut,Erreur : Débitmètre chauffage,New Text,New Text,New Text,New Text
text_err_217_geohpf_gauche_defaut,Défaut : Débitmètre chauffage,New Text,New Text,New Text,New Text
text_err_230_geohpf_gauche_defaut,Défaut : Fusible appoint (brin 1),New Text,New Text,New Text,New Text
text_err_231_geohpf_gauche_defaut,Défaut : Fusible appoint (brin 2),New Text,New Text,New Text,New Text
text_err_232_geohpf_gauche_defaut,Défaut : Fusible appoint (brin 3),New Text,New Text,New Text,New Text
text_err_233_geohpf_gauche_defaut,"Défaut : Klixon ou fusibles appoint (brin 1, 2 et 3)",New Text,New Text,New Text,New Text
text_err_240_geohpf_gauche_defaut,Défaut : Mauvaise Configuration PAC,New Text,New Text,New Text,New Text
text_err_241_geohpf_gauche_defaut,Défaut : Absence de numéro de série,New Text,New Text,New Text,New Text
text_err_250_geohpf_gauche_defaut,Erreur : Sonde d'eau départ captage,New Text,New Text,New Text,New Text
text_err_251_geohpf_gauche_defaut,Défaut : Sonde d'eau départ captage,New Text,New Text,New Text,New Text
text_err_252_geohpf_gauche_defaut,Erreur : Sonde d'eau retour captage,New Text,New Text,New Text,New Text
text_err_253_geohpf_gauche_defaut,Défaut : Sonde d'eau retour captage,New Text,New Text,New Text,New Text
text_err_254_geohpf_gauche_defaut,Erreur : Sonde entrée eau de nappe anormale,New Text,New Text,New Text,New Text
text_err_255_geohpf_gauche_defaut,Défaut : Température entrée eau de nappe anormale,New Text,New Text,New Text,New Text
text_err_256_geohpf_gauche_defaut,Erreur : Sonde sortie eau de nappe anormale,New Text,New Text,New Text,New Text
text_err_257_geohpf_gauche_defaut,Défaut : Température sortie eau de nappe anormale,New Text,New Text,New Text,New Text
text_err_258_geohpf_gauche_defaut,Erreur : Pression d'eau captage,New Text,New Text,New Text,New Text
text_err_259_geohpf_gauche_defaut,Défaut : Pression d'eau captage,New Text,New Text,New Text,New Text
text_err_260_geohpf_gauche_defaut,Erreur : Débitmètre captage,New Text,New Text,New Text,New Text
text_err_261_geohpf_gauche_defaut,Défaut : Débitmètre captage,New Text,New Text,New Text,New Text
text_err_262_geohpf_gauche_defaut,Défaut : Débistat puits,New Text,New Text,New Text,New Text
text_err_300_geohpf_gauche_defaut,Erreur : Sonde de refoulement circuit 1,New Text,New Text,New Text,New Text
text_err_301_geohpf_gauche_defaut,Défaut : Sonde de refoulement circuit 1,New Text,New Text,New Text,New Text
text_err_302_geohpf_gauche_defaut,Erreur : Sonde d'aspiration circuit 1,New Text,New Text,New Text,New Text
text_err_303_geohpf_gauche_defaut,Défaut : Sonde d'aspiration circuit 1,New Text,New Text,New Text,New Text
text_err_304_geohpf_gauche_defaut,Erreur : Pression HP circuit 1,New Text,New Text,New Text,New Text
text_err_305_geohpf_gauche_defaut,Défaut : Pression HP circuit 1,New Text,New Text,New Text,New Text
text_err_306_geohpf_gauche_defaut,Erreur : Pression BP circuit 1,New Text,New Text,New Text,New Text
text_err_307_geohpf_gauche_defaut,Défaut : Pression BP circuit 1,New Text,New Text,New Text,New Text
text_err_308_geohpf_gauche_defaut,Défaut : Démarrage compresseur circuit 1,New Text,New Text,New Text,New Text
text_err_309_geohpf_gauche_defaut,Défaut : Démarrage compresseur récurrent circuit 1,New Text,New Text,New Text,New Text
text_err_310_geohpf_gauche_defaut,Défaut : Pressostat HP circuit 1,New Text,New Text,New Text,New Text
text_err_311_geohpf_gauche_defaut,Défaut : Klixon compresseur circuit 1,New Text,New Text,New Text,New Text
text_err_340_geohpf_gauche_defaut,Erreur : Sonde de refoulement circuit 2,New Text,New Text,New Text,New Text
text_err_341_geohpf_gauche_defaut,Défaut : Sonde de refoulement circuit 2,New Text,New Text,New Text,New Text
text_err_342_geohpf_gauche_defaut,Erreur : Sonde d'aspiration circuit 2,New Text,New Text,New Text,New Text
text_err_343_geohpf_gauche_defaut,Défaut : Sonde d'aspiration circuit 2,New Text,New Text,New Text,New Text
text_err_344_geohpf_gauche_defaut,Erreur : Pression HP circuit 2,New Text,New Text,New Text,New Text
text_err_345_geohpf_gauche_defaut,Défaut : Pression HP circuit 2,New Text,New Text,New Text,New Text
text_err_346_geohpf_gauche_defaut,Erreur : Pression BP circuit 2,New Text,New Text,New Text,New Text
text_err_347_geohpf_gauche_defaut,Défaut : Pression BP circuit 2,New Text,New Text,New Text,New Text
text_err_348_geohpf_gauche_defaut,Défaut : Démarrage compresseur circuit 2,New Text,New Text,New Text,New Text
text_err_349_geohpf_gauche_defaut,Défaut : Démarrage compresseur récurrent circuit 2,New Text,New Text,New Text,New Text
text_err_350_geohpf_gauche_defaut,Défaut : Pressostat HP circuit 2,New Text,New Text,New Text,New Text
text_err_351_geohpf_gauche_defaut,Défaut : Klixon compresseur circuit 2,New Text,New Text,New Text,New Text
text_err_380_geohpf_gauche_defaut,Erreur : Sonde de retour liquide circuit 1,New Text,New Text,New Text,New Text
text_err_381_geohpf_gauche_defaut,Défaut : Sonde de retour liquide circuit 1,New Text,New Text,New Text,New Text
text_err_382_geohpf_gauche_defaut,Erreur : Sonde de retour liquide circuit 2,New Text,New Text,New Text,New Text
text_err_383_geohpf_gauche_defaut,Défaut : Sonde de retour liquide circuit 2,New Text,New Text,New Text,New Text
text_err_384_geohpf_gauche_defaut,Erreur : Erreurs récurrentes,New Text,New Text,New Text,New Text
text_err_700_geohpf_gauche_defaut,Alerte : Sonde extérieure,New Text,New Text,New Text,New Text
text_err_705_geohpf_gauche_defaut,Alerte : Sonde d'eau départ chauffage,New Text,New Text,New Text,New Text
text_err_706_geohpf_gauche_defaut,Alerte : Sonde d'eau retour chauffage,New Text,New Text,New Text,New Text
text_err_707_geohpf_gauche_defaut,Alerte : Pression d'eau chauffage,New Text,New Text,New Text,New Text
text_err_708_geohpf_gauche_defaut,Alerte : Débitmètre chauffage,New Text,New Text,New Text,New Text
text_err_715_geohpf_gauche_defaut,Alerte : Compteur d'energie,New Text,New Text,New Text,New Text
text_err_720_geohpf_gauche_defaut,Alerte : Sonde d'eau départ captage,New Text,New Text,New Text,New Text
text_err_721_geohpf_gauche_defaut,Alerte : Sonde d'eau retour captage,New Text,New Text,New Text,New Text
text_err_722_geohpf_gauche_defaut,Alerte : Sonde d'entrée eau de puits,New Text,New Text,New Text,New Text
text_err_723_geohpf_gauche_defaut,Alerte : Sonde de sortie d'eau de puits,New Text,New Text,New Text,New Text
text_err_724_geohpf_gauche_defaut,Alerte : Pression d'eau captage,New Text,New Text,New Text,New Text
text_err_725_geohpf_gauche_defaut,Alerte : Débitmètre captage,New Text,New Text,New Text,New Text
text_err_740_geohpf_gauche_defaut,Alerte : Sonde de refoulement circuit 1,New Text,New Text,New Text,New Text
text_err_741_geohpf_gauche_defaut,Alerte : Sonde d'aspiration circuit 1,New Text,New Text,New Text,New Text
text_err_742_geohpf_gauche_defaut,Alerte : Pression HP circuit 1,New Text,New Text,New Text,New Text
text_err_743_geohpf_gauche_defaut,Alerte : Pression BP circuit 1,New Text,New Text,New Text,New Text
text_err_760_geohpf_gauche_defaut,Alerte : Sonde de refoulement circuit 2,New Text,New Text,New Text,New Text
text_err_761_geohpf_gauche_defaut,Alerte : Sonde d'aspiration circuit 2,New Text,New Text,New Text,New Text
text_err_762_geohpf_gauche_defaut,Alerte : Pression HP circuit 2,New Text,New Text,New Text,New Text
text_err_763_geohpf_gauche_defaut,Alerte : Pression BP circuit 2,New Text,New Text,New Text,New Text
text_err_780_geohpf_gauche_defaut,Alerte : Sonde de retour liquide circuit 1,New Text,New Text,New Text,New Text
text_err_781_geohpf_gauche_defaut,Alerte : Sonde de retour liquide circuit 2,New Text,New Text,New Text,New Text
text_err_782_inv_gauche_defaut,Alerte : Cycle dégivrage incomplet,New Text,New Text,New Text,New Text
text_err_744_inv_gauche_defaut,Alerte : Charge réfrigérant anormale,New Text,New Text,New Text,New Text
text_err_743_inv_gauche_defaut,Alerte : Pression BP,New Text,New Text,New Text,New Text
text_err_742_inv_gauche_defaut,Alerte : Pression HP,New Text,New Text,New Text,New Text
text_err_741_inv_gauche_defaut,Alerte : Sonde d'aspiration,New Text,New Text,New Text,New Text
text_err_740_inv_gauche_defaut,Alerte : Sonde de refoulement,New Text,New Text,New Text,New Text
text_err_725_inv_gauche_defaut,Alerte : Débimètre captage,New Text,New Text,New Text,New Text
text_err_724_inv_gauche_defaut,Alerte : Pression d'eau captage,New Text,New Text,New Text,New Text
text_err_723_inv_gauche_defaut,Alerte : Sonde de sortie d'eau de puits,New Text,New Text,New Text,New Text
text_err_722_inv_gauche_defaut,Alerte : Sonde d'enytrée eau de puits,New Text,New Text,New Text,New Text
text_err_721_inv_gauche_defaut,Alerte : Sonde d'eau retour captage,New Text,New Text,New Text,New Text
text_err_720_inv_gauche_defaut,Alerte : Sonde d'eau départ captage,New Text,New Text,New Text,New Text
text_err_715_inv_gauche_defaut,Alerte : Compteur d'énergie (Phoenix),New Text,New Text,New Text,New Text
text_err_708_inv_gauche_defaut,Alerte : Débimètre chauffage,New Text,New Text,New Text,New Text
text_err_707_inv_gauche_defaut,Alerte : Pression d'eau chauffage,New Text,New Text,New Text,New Text
text_err_706_inv_gauche_defaut,Alerte : Sonde d'eau retour chauffage,New Text,New Text,New Text,New Text
text_err_705_inv_gauche_defaut,Alerte : Sonde d'eau départ chauffage,New Text,New Text,New Text,New Text
text_err_701_inv_gauche_defaut,Alerte : Sonde hygrométrie,New Text,New Text,New Text,New Text
text_err_700_inv_gauche_defaut,Alerte : Sonde extérieure,New Text,New Text,New Text,New Text
text_err_438_inv_gauche_defaut,Défaut : Perte rotor 3 (driver inverter),New Text,New Text,New Text,New Text
text_err_437_inv_gauche_defaut,Défaut : Perte rotor 2 (driver inverter),New Text,New Text,New Text,New Text
text_err_436_inv_gauche_defaut,Défaut : IPM prtotection / Désaturation (driver inverter),New Text,New Text,New Text,New Text
text_err_435_inv_gauche_defaut,Défaut : Température de refoulement compresseur (driver inverter),New Text,New Text,New Text,New Text
text_err_434_inv_gauche_defaut,Défaut : Surcharge compresseur (driver inverter),New Text,New Text,New Text,New Text
text_err_433_inv_gauche_defaut,Défaut : Démarrage compresseur (driver inverter),New Text,New Text,New Text,New Text
text_err_432_inv_gauche_defaut,Défaut : Perte de rotor (driver inverter),New Text,New Text,New Text,New Text
text_err_431_inv_gauche_defaut,Défaut : Manque phase DC (driver inverter),New Text,New Text,New Text,New Text
text_err_430_inv_gauche_defaut,Défaut : Surintensité compresseur phase W (driver inverter),New Text,New Text,New Text,New Text
text_err_429_inv_gauche_defaut,Défaut : Surintensité compresseur phase V (driver inverter),New Text,New Text,New Text,New Text
text_err_428_inv_gauche_defaut,Défaut : Surintensité compresseur phase U (driver inverter),New Text,New Text,New Text,New Text
text_err_427_inv_gauche_defaut,Défaut : Surintensité hardware (driver inverter),New Text,New Text,New Text,New Text
text_err_426_inv_gauche_defaut,Défaut : Code compresseur (driver inverter),New Text,New Text,New Text,New Text
text_err_425_inv_gauche_defaut,Défaut : Surchauffe IGBT (driver inverter),New Text,New Text,New Text,New Text
text_err_424_inv_gauche_defaut,Défaut : Surchauffe IPM (driver inverter),New Text,New Text,New Text,New Text
text_err_423_inv_gauche_defaut,Défaut : Manque phase AC (driver inverter),New Text,New Text,New Text,New Text
text_err_422_inv_gauche_defaut,Défaut : Sécurité pressostat HP (driver inverter),New Text,New Text,New Text,New Text
text_err_421_inv_gauche_defaut,Défaut : Sous-tension DC (driver inverter),New Text,New Text,New Text,New Text
text_err_420_inv_gauche_defaut,Défaut : Surtension DC (driver inverter),New Text,New Text,New Text,New Text
text_err_419_inv_gauche_defaut,Défaut : Sous-tension AC (driver inverter),New Text,New Text,New Text,New Text
text_err_418_inv_gauche_defaut,Défaut : Surtension AC (driver inverter),New Text,New Text,New Text,New Text
text_err_417_inv_gauche_defaut,Défaut : Surintensité AC (driver inverter),New Text,New Text,New Text,New Text
text_err_416_inv_gauche_defaut,Défaut : Eeprom (driver inverter),New Text,New Text,New Text,New Text
text_err_415_inv_gauche_defaut,Défaut : Communication perdue (driver inverter),New Text,New Text,New Text,New Text
text_err_414_inv_gauche_defaut,Défaut : Adressage interne (driver inverter),New Text,New Text,New Text,New Text
text_err_413_inv_gauche_defaut,Défaut : Converstisseur analogique/digital (driver inverter),New Text,New Text,New Text,New Text
text_err_412_inv_gauche_defaut,Défaut : Surtension PFC (driver inverter),New Text,New Text,New Text,New Text
text_err_411_inv_gauche_defaut,Défaut : Surintensité software PFC (driver inverter),New Text,New Text,New Text,New Text
text_err_410_inv_gauche_defaut,Défaut : Surintensité hardware PFC (driver inverter),New Text,New Text,New Text,New Text
text_err_409_inv_gauche_defaut,Défaut : Sonde de refoulement compresseur (driver inverter),New Text,New Text,New Text,New Text
text_err_408_inv_gauche_defaut,Défaut : Capteur de température PFC (driver inverter),New Text,New Text,New Text,New Text
text_err_407_inv_gauche_defaut,Défaut : Capteur de température IPM (driver inverter),New Text,New Text,New Text,New Text
text_err_406_inv_gauche_defaut,Défaut : Capteur de courant PFC (driver inverter),New Text,New Text,New Text,New Text
text_err_405_inv_gauche_defaut,Défaut : Capteur de courant phase W (driver inverter),New Text,New Text,New Text,New Text
text_err_404_inv_gauche_defaut,Défaut : Capteur de courant phase V (driver inverter),New Text,New Text,New Text,New Text
text_err_403_inv_gauche_defaut,Défaut : Capteur de courant phase U (driver inverter),New Text,New Text,New Text,New Text
text_err_402_inv_gauche_defaut,Défaut : Défaut général driver,New Text,New Text,New Text,New Text
text_err_401_inv_gauche_defaut,Erreur : Incompatibilité entre le driver et le compresseur,New Text,New Text,New Text,New Text
text_err_400_inv_gauche_defaut,Erreur : Erreur de communication avec le driver,New Text,New Text,New Text,New Text
text_err_384_inv_gauche_defaut,Erreur : Erreurs récurrentes,New Text,New Text,New Text,New Text
text_err_383_inv_gauche_defaut,Défaut : Sonde spare,New Text,New Text,New Text,New Text
text_err_382_inv_gauche_defaut,Erreur : Sonde spare,New Text,New Text,New Text,New Text
text_err_381_inv_gauche_defaut,Défaut : Sonde de retour liquide,New Text,New Text,New Text,New Text
text_err_380_inv_gauche_defaut,Erreur : Sonde de retour liquide,New Text,New Text,New Text,New Text
text_err_311_inv_gauche_defaut,Défaut : Klixon compresseur,New Text,New Text,New Text,New Text
text_err_310_inv_gauche_defaut,Défaut : Pressostat HP,New Text,New Text,New Text,New Text
text_err_309_inv_gauche_defaut,Défaut : Démarrage compresseur récurrent,New Text,New Text,New Text,New Text
text_err_308_inv_gauche_defaut,Défaut : Démarrage compresseur,New Text,New Text,New Text,New Text
text_err_307_inv_gauche_defaut,Défaut : Pression BP,New Text,New Text,New Text,New Text
text_err_306_inv_gauche_defaut,Erreur : Pression BP,New Text,New Text,New Text,New Text
text_err_305_inv_gauche_defaut,Défaut : Pression HP,New Text,New Text,New Text,New Text
text_err_304_inv_gauche_defaut,Erreur : Pression HP,New Text,New Text,New Text,New Text
text_err_303_inv_gauche_defaut,Défaut : Sonde d'aspiration,New Text,New Text,New Text,New Text
text_err_302_inv_gauche_defaut,Erreur : Sonde d'aspiration,New Text,New Text,New Text,New Text
text_err_301_inv_gauche_defaut,Défaut : Sonde de refoulement,New Text,New Text,New Text,New Text
text_err_300_inv_gauche_defaut,Erreur : Sonde de refoulement,New Text,New Text,New Text,New Text
text_err_262_inv_gauche_defaut,Défaut : Débistat puits,New Text,New Text,New Text,New Text
text_err_261_inv_gauche_defaut,Défaut : Débimètre captage,New Text,New Text,New Text,New Text
text_err_260_inv_gauche_defaut,Erreur : Débimètre captage,New Text,New Text,New Text,New Text
text_err_259_inv_gauche_defaut,Défaut : Pression d'eau captage,New Text,New Text,New Text,New Text
text_err_258_inv_gauche_defaut,Erreur : Pression d'eau captage,New Text,New Text,New Text,New Text
text_err_257_inv_gauche_defaut,Défaut : Température sortie eau de nappe anormale,New Text,New Text,New Text,New Text
text_err_256_inv_gauche_defaut,Erreur : Sonde sortie eau de nappe anormale,New Text,New Text,New Text,New Text
text_err_255_inv_gauche_defaut,Défaut : Température entrée eau de nappe anormale,New Text,New Text,New Text,New Text
text_err_254_inv_gauche_defaut,Erreur : Sonde entrée eau de nappe anormale,New Text,New Text,New Text,New Text
text_err_253_inv_gauche_defaut,Défaut : Sonde d'eau retour captage,New Text,New Text,New Text,New Text
text_err_252_inv_gauche_defaut,Erreur : Sonde d'eau retour captage,New Text,New Text,New Text,New Text
text_err_251_inv_gauche_defaut,Défaut : Sonde d'eau départ captage,New Text,New Text,New Text,New Text
text_err_250_inv_gauche_defaut,Erreur : Sonde d'eau départ captage,New Text,New Text,New Text,New Text
text_err_241_inv_gauche_defaut,Défaut : Absence de numéro de série,New Text,New Text,New Text,New Text
text_err_240_inv_gauche_defaut,Défaut : Mauvaise configuration PAC,New Text,New Text,New Text,New Text
text_err_233_inv_gauche_defaut,"Défaut : Klixon ou fusibles appoint (brin 1, 2 et 3)",New Text,New Text,New Text,New Text
text_err_232_inv_gauche_defaut,Défaut : Fusible appoint (brin 3),New Text,New Text,New Text,New Text
text_err_231_inv_gauche_defaut,Défaut : Fusible appoint (brin 2),New Text,New Text,New Text,New Text
text_err_230_inv_gauche_defaut,Défaut : Fusible appoint (brin 1),New Text,New Text,New Text,New Text
text_err_217_inv_gauche_defaut,Défaut : Débimètre chauffage,New Text,New Text,New Text,New Text
text_err_216_inv_gauche_defaut,Erreur : Débimètre chauffage,New Text,New Text,New Text,New Text
text_err_215_inv_gauche_defaut,Défaut : Pression d'eau chauffage,New Text,New Text,New Text,New Text
text_err_214_inv_gauche_defaut,Erreur : Pression d'eau chauffage,New Text,New Text,New Text,New Text
text_err_213_inv_gauche_defaut,Défaut : Sonde d'eau retour chauffage,New Text,New Text,New Text,New Text
text_err_212_inv_gauche_defaut,Erreur : Sonde d'eau retour chauffage,New Text,New Text,New Text,New Text
text_err_211_inv_gauche_defaut,Défaut : Sonde d'eau départ chauffage,New Text,New Text,New Text,New Text
text_err_210_inv_gauche_defaut,Erreur : Sonde d'eau départ chauffage,New Text,New Text,New Text,New Text
text_err_203_inv_gauche_defaut,Défaut : Capteur hygrométrie,New Text,New Text,New Text,New Text
text_err_202_inv_gauche_defaut,Erreur : Capteur hygrométrie,New Text,New Text,New Text,New Text
text_err_201_inv_gauche_defaut,Défaut : Sonde extérieure,New Text,New Text,New Text,New Text
text_err_200_inv_gauche_defaut,Erreur : Sonde extérieure,New Text,New Text,New Text,New Text
text_err_873_gauche_defaut,PW : Alerte faible champ magnétique,New Text,New Text,New Text,New Text
text_err_872_gauche_defaut,PW : Alerte PFC surintensité,New Text,New Text,New Text,New Text
text_err_871_gauche_defaut,PW : Alerte radiateur PW température élevée,New Text,New Text,New Text,New Text
text_err_870_gauche_defaut,PW : Alerte surintensité compresseur,New Text,New Text,New Text,New Text
text_err_869_gauche_defaut,PW : Communication maitre avec esclave erreur,New Text,New Text,New Text,New Text
text_err_868_gauche_defaut,PW : RS485 communication en erreur,New Text,New Text,New Text,New Text
text_err_867_gauche_defaut,PW : Erreur sonde de température radiateur,New Text,New Text,New Text,New Text
text_err_866_gauche_defaut,PW : PFC Surintensité,New Text,New Text,New Text,New Text
text_err_865_gauche_defaut,PW : AC sous-tension,New Text,New Text,New Text,New Text
text_err_864_gauche_defaut,PW : DC sous-tension,New Text,New Text,New Text,New Text
text_err_863_gauche_defaut,PW : DC bus surtension,New Text,New Text,New Text,New Text
text_err_862_gauche_defaut,PW : Radiateur PW trop chaud,New Text,New Text,New Text,New Text
text_err_861_gauche_defaut,PW : IPM erreur échantillonnage,New Text,New Text,New Text,New Text
text_err_860_gauche_defaut,PW : Problème alimentation (phase manquante),New Text,New Text,New Text,New Text
text_err_859_gauche_defaut,PW : Surintensité compresseur,New Text,New Text,New Text,New Text
text_err_858_gauche_defaut,PW : Erreur pilotage compresseur,New Text,New Text,New Text,New Text
text_err_857_gauche_defaut,PW : IPM surintensité,New Text,New Text,New Text,New Text
text_err_806_gauche_defaut,Alerte : Température radiateur carte de puissance (UE),New Text,New Text,New Text,New Text
text_err_805_gauche_defaut,Alerte : Protection antigel (UE),New Text,New Text,New Text,New Text
text_err_804_gauche_defaut,Alerte : Température de condensation (UE),New Text,New Text,New Text,New Text
text_err_803_gauche_defaut,Alerte : Température de refoulement (UE),New Text,New Text,New Text,New Text
text_err_802_gauche_defaut,Alerte : Limite de courant atteinte (UE),New Text,New Text,New Text,New Text
text_err_800_gauche_defaut,Alerte : Sonde S1,New Text,New Text,New Text,New Text
text_err_767_gauche_defaut,Alerte : Vérifier la cahrge R134a,New Text,New Text,New Text,New Text
text_err_766_gauche_defaut,Alerte : Vérifier la charge R410A,New Text,New Text,New Text,New Text
text_err_765_gauche_defaut,Alerte : Détection défaut PAC à l'arrêt,New Text,New Text,New Text,New Text
text_err_764_gauche_defaut,Alerte : Maintenance,New Text,New Text,New Text,New Text
text_err_763_gauche_defaut,Alerte : Pressostat sécurité HP134,New Text,New Text,New Text,New Text
text_err_762_gauche_defaut,Alerte : Pressostat sécurité HP410,New Text,New Text,New Text,New Text
text_err_761_gauche_defaut,Alerte : Pression détendeur HP INT,New Text,New Text,New Text,New Text
text_err_760_gauche_defaut,Alerte : Pression HP compresseur 2,New Text,New Text,New Text,New Text
text_err_759_gauche_defaut,Alerte : Pression HP compresseur 1,New Text,New Text,New Text,New Text
text_err_758_gauche_defaut,Alerte : Pression BP compresseur 2,New Text,New Text,New Text,New Text
text_err_757_gauche_defaut,Alerte : Pression BP compresseur 1,New Text,New Text,New Text,New Text
text_err_756_gauche_defaut,Alerte : Sonde température frigo Spare,New Text,New Text,New Text,New Text
text_err_755_gauche_defaut,Alerte : Sonde température radiateur IGBT,New Text,New Text,New Text,New Text
text_err_754_gauche_defaut,Alerte : Sonde température TEV134,New Text,New Text,New Text,New Text
text_err_753_gauche_defaut,Alerte : Sonde température TSC410 B,New Text,New Text,New Text,New Text
text_err_752_gauche_defaut,Alerte : Sonde température TDS134,New Text,New Text,New Text,New Text
text_err_751_gauche_defaut,Alerte : Sonde température TSC410 A,New Text,New Text,New Text,New Text
text_err_750_gauche_defaut,Alerte : Sonde température TDS410,New Text,New Text,New Text,New Text
text_err_702_gauche_defaut,Alerte : Sonde température TEV OUT,New Text,New Text,New Text,New Text
text_err_701_gauche_defaut,Alerte : Sonde température TEV IN,New Text,New Text,New Text,New Text
text_err_700_gauche_defaut,Alerte : Sonde extérieure,New Text,New Text,New Text,New Text
text_err_698_gauche_defaut,Alerte : Réception RF Zone 8,New Text,New Text,New Text,New Text
text_err_697_gauche_defaut,Alerte : Réception RF Zone 7,New Text,New Text,New Text,New Text
text_err_696_gauche_defaut,Alerte : Réception RF Zone 6,New Text,New Text,New Text,New Text
text_err_695_gauche_defaut,Alerte : Réception RF Zone 5,New Text,New Text,New Text,New Text
text_err_694_gauche_defaut,Alerte : Réception RF Zone 4,New Text,New Text,New Text,New Text
text_err_693_gauche_defaut,Alerte : Réception RF Zone 3,New Text,New Text,New Text,New Text
text_err_692_gauche_defaut,Alerte : Réception RF Zone 2,New Text,New Text,New Text,New Text
text_err_691_gauche_defaut,Alerte : Réception RF Zone 1,New Text,New Text,New Text,New Text
text_err_688_gauche_defaut,Alerte : Pile RF Zone 8,New Text,New Text,New Text,New Text
text_err_687_gauche_defaut,Alerte : Pile RF Zone 7,New Text,New Text,New Text,New Text
text_err_686_gauche_defaut,Alerte : Pile RF Zone 6,New Text,New Text,New Text,New Text
text_err_685_gauche_defaut,Alerte : Pile RF Zone 5,New Text,New Text,New Text,New Text
text_err_684_gauche_defaut,Alerte : Pile RF Zone 4,New Text,New Text,New Text,New Text
text_err_683_gauche_defaut,Alerte : Pile RF Zone 3,New Text,New Text,New Text,New Text
text_err_682_gauche_defaut,Alerte : Pile RF Zone 2,New Text,New Text,New Text,New Text
text_err_681_gauche_defaut,Alerte : Pile RF Zone 1,New Text,New Text,New Text,New Text
text_err_680_gauche_defaut,Alerte : Sonde d'eau retour Groupe B,New Text,New Text,New Text,New Text
text_err_679_gauche_defaut,Alerte : Sonde d'eau retour Groupe A,New Text,New Text,New Text,New Text
text_err_678_gauche_defaut,Alerte : Sonde d'eau retour Zone 8,New Text,New Text,New Text,New Text
text_err_677_gauche_defaut,Alerte : Sonde d'eau retour Zone 7,New Text,New Text,New Text,New Text
text_err_676_gauche_defaut,Alerte : Sonde d'eau retour Zone 6,New Text,New Text,New Text,New Text
text_err_675_gauche_defaut,Alerte : Sonde d'eau retour Zone 5,New Text,New Text,New Text,New Text
text_err_674_gauche_defaut,Alerte : Sonde d'eau retour Zone 4,New Text,New Text,New Text,New Text
text_err_673_gauche_defaut,Alerte : Sonde d'eau retour Zone 3,New Text,New Text,New Text,New Text
text_err_672_gauche_defaut,Alerte : Sonde d'eau retour Zone 2,New Text,New Text,New Text,New Text
text_err_671_gauche_defaut,Alerte : Sonde d'eau retour Zone 1,New Text,New Text,New Text,New Text
text_err_670_gauche_defaut,Alerte : Sonde d'eau départ Groupe B,New Text,New Text,New Text,New Text
text_err_669_gauche_defaut,Alerte : Sonde d'eau départ Groupe A,New Text,New Text,New Text,New Text
text_err_668_gauche_defaut,Alerte : Sonde d'eau départ Zone 8,New Text,New Text,New Text,New Text
text_err_667_gauche_defaut,Alerte : Sonde d'eau départ Zone 7,New Text,New Text,New Text,New Text
text_err_666_gauche_defaut,Alerte : Sonde d'eau départ Zone 6,New Text,New Text,New Text,New Text
text_err_665_gauche_defaut,Alerte : Sonde d'eau départ Zone 5,New Text,New Text,New Text,New Text
text_err_664_gauche_defaut,Alerte : Sonde d'eau départ Zone 4,New Text,New Text,New Text,New Text
text_err_663_gauche_defaut,Alerte : Sonde d'eau départ Zone 3,New Text,New Text,New Text,New Text
text_err_662_gauche_defaut,Alerte : Sonde d'eau départ Zone 2,New Text,New Text,New Text,New Text
text_err_661_gauche_defaut,Alerte : Sonde d'eau départ Zone 1,New Text,New Text,New Text,New Text
text_err_658_gauche_defaut,Alerte : Sonde intérieure Zone 8 RF,New Text,New Text,New Text,New Text
text_err_657_gauche_defaut,Alerte : Sonde intérieure Zone 7 RF,New Text,New Text,New Text,New Text
text_err_656_gauche_defaut,Alerte : Sonde intérieure Zone 6 RF,New Text,New Text,New Text,New Text
text_err_655_gauche_defaut,Alerte : Sonde intérieure Zone 5 RF,New Text,New Text,New Text,New Text
text_err_654_gauche_defaut,Alerte : Sonde intérieure Zone 4 RF,New Text,New Text,New Text,New Text
text_err_653_gauche_defaut,Alerte : Sonde intérieure Zone 3 RF,New Text,New Text,New Text,New Text
text_err_652_gauche_defaut,Alerte : Sonde intérieure Zone 2 RF,New Text,New Text,New Text,New Text
text_err_651_gauche_defaut,Alerte : Sonde intérieure Zone 1 RF,New Text,New Text,New Text,New Text
text_err_650_gauche_defaut,Alerte : Capteur de débit Groupe B,New Text,New Text,New Text,New Text
text_err_649_gauche_defaut,Alerte : Capteur de débit Groupe A,New Text,New Text,New Text,New Text
text_err_648_gauche_defaut,Alerte : Capteur de débit Zone 8,New Text,New Text,New Text,New Text
text_err_647_gauche_defaut,Alerte : Capteur de débit Zone 7,New Text,New Text,New Text,New Text
text_err_646_gauche_defaut,Alerte : Capteur de débit Zone 6,New Text,New Text,New Text,New Text
text_err_645_gauche_defaut,Alerte : Capteur de débit Zone 5,New Text,New Text,New Text,New Text
text_err_644_gauche_defaut,Alerte : Capteur de débit Zone 4,New Text,New Text,New Text,New Text
text_err_643_gauche_defaut,Alerte : Capteur de débit Zone 3,New Text,New Text,New Text,New Text
text_err_642_gauche_defaut,Alerte : Capteur de débit Zone 2,New Text,New Text,New Text,New Text
text_err_641_gauche_defaut,Alerte : Capteur de débit Zone 1,New Text,New Text,New Text,New Text
text_err_640_gauche_defaut,Alerte : Capteur de débit primaire,New Text,New Text,New Text,New Text
text_err_639_gauche_defaut,Alerte : Choix de voie carte,New Text,New Text,New Text,New Text
text_err_638_gauche_defaut,Alerte : Configuration chauffage piscine,New Text,New Text,New Text,New Text
text_err_637_gauche_defaut,Alerte : Configuration chauffage ECS,New Text,New Text,New Text,New Text
text_err_635_gauche_defaut,Alerte : Configuration de la régulation,New Text,New Text,New Text,New Text
text_err_634_gauche_defaut,Alerte : Configuration hystérésis Géotwin,New Text,New Text,New Text,New Text
text_err_633_gauche_defaut,Alerte : Antigel,New Text,New Text,New Text,New Text
text_err_632_gauche_defaut,Alerte : Appoint ECS,New Text,New Text,New Text,New Text
text_err_631_gauche_defaut,Alerte : Sondes d'eau ballon tampon,New Text,New Text,New Text,New Text
text_err_629_gauche_defaut,Alerte : Sondes Groupe B inversées,New Text,New Text,New Text,New Text
text_err_628_gauche_defaut,Alerte : Sondes Groupe A inversées,New Text,New Text,New Text,New Text
text_err_627_gauche_defaut,Alerte : Sondes Z8 inversées,New Text,New Text,New Text,New Text
text_err_626_gauche_defaut,Alerte : Sondes Z7 inversées,New Text,New Text,New Text,New Text
text_err_625_gauche_defaut,Alerte : Sondes Z6 inversées,New Text,New Text,New Text,New Text
text_err_624_gauche_defaut,Alerte : Sondes Z5 inversées,New Text,New Text,New Text,New Text
text_err_623_gauche_defaut,Alerte : Sondes Z4 inversées,New Text,New Text,New Text,New Text
text_err_622_gauche_defaut,Alerte : Sondes Z3 inversées,New Text,New Text,New Text,New Text
text_err_621_gauche_defaut,Alerte : Sondes Z2 inversées,New Text,New Text,New Text,New Text
text_err_620_gauche_defaut,Alerte : Sondes Z1 inversées,New Text,New Text,New Text,New Text
text_err_619_gauche_defaut,Alerte : Sondes ECS inversées,New Text,New Text,New Text,New Text
text_err_618_gauche_defaut,Alerte : Mettre l'heure à jour,New Text,New Text,New Text,New Text
text_err_617_gauche_defaut,Alerte : Défaut Appoint / Klixon,New Text,New Text,New Text,New Text
text_err_616_gauche_defaut,Alerte : Mesure de comptage PW,New Text,New Text,New Text,New Text
text_err_615_gauche_defaut,Alerte : Pression d'eau primaire,New Text,New Text,New Text,New Text
text_err_612_gauche_defaut,Alerte : Sonde ballon ECS bas,New Text,New Text,New Text,New Text
text_err_611_gauche_defaut,Alerte : Sonde ballon ECS milieu,New Text,New Text,New Text,New Text
text_err_610_gauche_defaut,Alerte : Sonde d'eau piscine,New Text,New Text,New Text,New Text
text_err_605_gauche_defaut,Alerte : Sonde d'eau primaire retour,New Text,New Text,New Text,New Text
text_err_604_gauche_defaut,Alerte : Sonde d'eau primaire aller,New Text,New Text,New Text,New Text
text_err_577_gauche_defaut,Alerte : Suspicion de fuite frigorifique,New Text,New Text,New Text,New Text
text_err_576_gauche_defaut,"Défaut : Démarrage compresseur, pas de delta P (HP/BP)",New Text,New Text,New Text,New Text
text_err_575_gauche_defaut,Alerte : Récurrente démarrage compresseur 2,New Text,New Text,New Text,New Text
text_err_574_gauche_defaut,Alerte : Récurrente démarrage compresseur 1,New Text,New Text,New Text,New Text
text_err_573_gauche_defaut,Défaut : Changement de mode de régulation frigo.,New Text,New Text,New Text,New Text
text_err_572_gauche_defaut,Défaut : Mauvaise configuration PAC,New Text,New Text,New Text,New Text
text_err_571_gauche_defaut,Défaut : Débit puits,New Text,New Text,New Text,New Text
text_err_570_gauche_defaut,Défaut : Débit capteur,New Text,New Text,New Text,New Text
text_err_569_gauche_defaut,Défaut : Débit chauffage,New Text,New Text,New Text,New Text
text_err_568_gauche_defaut,Défaut : Pression capteur,New Text,New Text,New Text,New Text
text_err_567_gauche_defaut,Défaut : Signal circulateur captage,New Text,New Text,New Text,New Text
text_err_566_gauche_defaut,Défaut : Signal circulateur chauffage,New Text,New Text,New Text,New Text
text_err_565_gauche_defaut,Défaut : Sécurité HP,New Text,New Text,New Text,New Text
text_err_564_gauche_defaut,Défaut : Pression BP,New Text,New Text,New Text,New Text
text_err_563_gauche_defaut,Défaut : Pression HP,New Text,New Text,New Text,New Text
text_err_562_gauche_defaut,Défaut : Température extérieure,New Text,New Text,New Text,New Text
text_err_561_gauche_defaut,Alerte : Charge frigorifique,New Text,New Text,New Text,New Text
text_err_560_gauche_defaut,Alerte : Démarrage compesseur 2,New Text,New Text,New Text,New Text
text_err_559_gauche_defaut,Alerte : Démarrage compesseur 1,New Text,New Text,New Text,New Text
text_err_558_gauche_defaut,Alerte : Configutaion PAC esclaves,New Text,New Text,New Text,New Text
text_err_557_gauche_defaut,Alerte : Défaut PAC exclave n°7,New Text,New Text,New Text,New Text
text_err_556_gauche_defaut,Alerte : Défaut PAC exclave n°6,New Text,New Text,New Text,New Text
text_err_555_gauche_defaut,Alerte : Défaut PAC exclave n°5,New Text,New Text,New Text,New Text
text_err_554_gauche_defaut,Alerte : Défaut PAC exclave n°4,New Text,New Text,New Text,New Text
text_err_553_gauche_defaut,Alerte : Défaut PAC exclave n°3,New Text,New Text,New Text,New Text
text_err_552_gauche_defaut,Alerte : Défaut PAC exclave n°2,New Text,New Text,New Text,New Text
text_err_551_gauche_defaut,Alerte : Défaut PAC exclave n°1,New Text,New Text,New Text,New Text
text_err_550_gauche_defaut,Alerte : Configuration PAC Maitre,New Text,New Text,New Text,New Text
text_err_549_gauche_defaut,Alerte : Débit circuit puits anormal,New Text,New Text,New Text,New Text
text_err_548_gauche_defaut,Alerte : Débit circuit capteur anormal,New Text,New Text,New Text,New Text
text_err_547_gauche_defaut,Alerte : Débit circuit chauffage anormal,New Text,New Text,New Text,New Text
text_err_546_gauche_defaut,Alerte : Pression circuit capteur anormale,New Text,New Text,New Text,New Text
text_err_545_gauche_defaut,Alerte : Signal circulateur captage,New Text,New Text,New Text,New Text
text_err_544_gauche_defaut,Alerte : Signal circulateur chauffage,New Text,New Text,New Text,New Text
text_err_543_gauche_defaut,Alerte : Pression BP anormale,New Text,New Text,New Text,New Text
text_err_542_gauche_defaut,Alerte : Pression HP anormale,New Text,New Text,New Text,New Text
text_err_541_gauche_defaut,Défaut : Mesure de comptage PW,New Text,New Text,New Text,New Text
text_err_540_gauche_defaut,Alerte : Température sortie condenseur,New Text,New Text,New Text,New Text
text_err_539_gauche_defaut,Alerte : Température d'aspiration compresseur 2 anormale,New Text,New Text,New Text,New Text
text_err_538_gauche_defaut,Alerte : Température d'aspiration compresseur 1 anormale,New Text,New Text,New Text,New Text
text_err_537_gauche_defaut,Alerte : Température de refoulement compresseur 2 anormale,New Text,New Text,New Text,New Text
text_err_536_gauche_defaut,Alerte : Température de refoulement compresseur 1 anormale,New Text,New Text,New Text,New Text
text_err_535_gauche_defaut,Alerte : Température d'entrée eau de nappe anormale,New Text,New Text,New Text,New Text
text_err_534_gauche_defaut,Alerte : Température de sortie eau de nappe anormale / Mode dégradé,New Text,New Text,New Text,New Text
text_err_533_gauche_defaut,Alerte : Température d'eau retour capteur,New Text,New Text,New Text,New Text
text_err_532_gauche_defaut,Alerte : Température d'eau départ capteur,New Text,New Text,New Text,New Text
text_err_531_gauche_defaut,Alerte : Température d'eau retour chauffage,New Text,New Text,New Text,New Text
text_err_530_gauche_defaut,Alerte : Température d'eau départ chauffage,New Text,New Text,New Text,New Text
text_err_529_gauche_defaut,Erreur : Température sortie condenseur,New Text,New Text,New Text,New Text
text_err_528_gauche_defaut,Erreur : Température d'aspiration compresseur 2 anormale,New Text,New Text,New Text,New Text
text_err_527_gauche_defaut,Erreur : Température d'aspiration compresseur 1 anormale,New Text,New Text,New Text,New Text
text_err_526_gauche_defaut,Erreur : Température de refoulement compresseur 2 anormale,New Text,New Text,New Text,New Text
text_err_525_gauche_defaut,Erreur : Température de refoulement compresseur 1 anormale,New Text,New Text,New Text,New Text
text_err_524_gauche_defaut,Défaut : Température d'entrée eau de nappe anormale,New Text,New Text,New Text,New Text
text_err_523_gauche_defaut,Défaut : Température de sortie eau de nappe anormale,New Text,New Text,New Text,New Text
text_err_522_gauche_defaut,Défaut : Température d'eau retour captage,New Text,New Text,New Text,New Text
text_err_521_gauche_defaut,Défaut : Température d'eau départ captage,New Text,New Text,New Text,New Text
text_err_520_gauche_defaut,Défaut : Température d'eau retour chauffage,New Text,New Text,New Text,New Text
text_err_519_gauche_defaut,Défaut : Température d'eau départ chauffage,New Text,New Text,New Text,New Text
text_err_518_gauche_defaut,Erreur : Débit capteur,New Text,New Text,New Text,New Text
text_err_517_gauche_defaut,Erreur : Débit chauffage,New Text,New Text,New Text,New Text
text_err_516_gauche_defaut,Erreur : Pression circuit capteur,New Text,New Text,New Text,New Text
text_err_515_gauche_defaut,Erreur : Signal vitesse circulateur circuit capteur,New Text,New Text,New Text,New Text
text_err_514_gauche_defaut,Erreur : Signal vitesse circulateur circuit chauffage,New Text,New Text,New Text,New Text
text_err_513_gauche_defaut,Erreur : Transmetteur de pression BP,New Text,New Text,New Text,New Text
text_err_512_gauche_defaut,Erreur : Transmetteur de pression HP,New Text,New Text,New Text,New Text
text_err_511_gauche_defaut,Erreur : Eeprom carte AJ-GEOTWIN,New Text,New Text,New Text,New Text
text_err_510_gauche_defaut,Erreur : Sonde de température sortie condenseur (TSC),New Text,New Text,New Text,New Text
text_err_509_gauche_defaut,Erreur : Sonde de température d'aspiration compresseur 2 (TBP_2),New Text,New Text,New Text,New Text
text_err_508_gauche_defaut,Erreur : Sonde de température d'aspiration compresseur 1 (TBP_1),New Text,New Text,New Text,New Text
text_err_507_gauche_defaut,Erreur : Sonde de température de refoulement compresseur 2 (THP_2),New Text,New Text,New Text,New Text
text_err_506_gauche_defaut,Erreur : Sonde de température de refoulement compresseur 1 (THP_1) test pour saut de ligne des défauts longs,New Text,New Text,New Text,New Text
text_err_505_gauche_defaut,Erreur : Sonde de température d'eau sortie eau de nappe,New Text,New Text,New Text,New Text
text_err_504_gauche_defaut,Erreur : Sonde de température d'eau entrée eau de nappe,New Text,New Text,New Text,New Text
text_err_503_gauche_defaut,Erreur : Sonde de température d'eau retour capteur,New Text,New Text,New Text,New Text
text_err_502_gauche_defaut,Erreur : Sonde de température d'eau départ capteur,New Text,New Text,New Text,New Text
text_err_501_gauche_defaut,Erreur : Sonde de température d'eau retour chauffage,New Text,New Text,New Text,New Text
text_err_500_gauche_defaut,Erreur : Sonde de température d'eau départ chauffage,New Text,New Text,New Text,New Text
text_err_406_gauche_defaut,Erreur PE : anomalie sonde de température liquide\n(module externe monobloc),New Text,New Text,New Text,New Text
text_err_405_gauche_defaut,Erreur : défaut de communication avec le module externe\n(timeout envoi de trame),New Text,New Text,New Text,New Text
text_err_404_gauche_defaut,Erreur : défaut de communication avec le module externe\n(nombre de trame inconnue),New Text,New Text,New Text,New Text
text_err_403_gauche_defaut,Erreur : défaut de communication avec le module externe\n(timeout réception de trame),New Text,New Text,New Text,New Text
text_err_402_gauche_defaut,Erreur : défaut module externe (né d'erreur non définie),New Text,New Text,New Text,New Text
text_err_401_gauche_defaut,Erreur : erreur module externe (signal TOR),New Text,New Text,New Text,New Text
text_err_400_gauche_defaut,Erreur UP : compresseur en surintensité,New Text,New Text,New Text,New Text
text_err_399_gauche_defaut,Erreur UL : pression BP trop basse,New Text,New Text,New Text,New Text
text_err_398_gauche_defaut,Erreur UH : anomalie surintensité (carte électronique),New Text,New Text,New Text,New Text
text_err_397_gauche_defaut,Erreur UF : coupure compresseur suite à surintensité\n(démarrage bloqué),New Text,New Text,New Text,New Text
text_err_396_gauche_defaut,Erreur UE : problème capteur de pression HP (63HS),New Text,New Text,New Text,New Text
text_err_395_gauche_defaut,Erreur U8 : problème sur le ventilateur unité extérieure,New Text,New Text,New Text,New Text
text_err_394_gauche_defaut,Erreur U7 : surchauffe liée à une temlpérature BP trop basse,New Text,New Text,New Text,New Text
text_err_393_gauche_defaut,Erreur U6 : anomalie sur le module de PW commande moteur,New Text,New Text,New Text,New Text
text_err_392_gauche_defaut,Erreur U5 : température anormale radiateur de commande\nmoteur (UE),New Text,New Text,New Text,New Text
text_err_391_gauche_defaut,"Erreur U4 : défaut sonde de température unité extérieure\n(TH3, TH6, TH7 ou TH8)",New Text,New Text,New Text,New Text
text_err_390_gauche_defaut,Erreur U3 : défaut sonde de température unité extérieure\n(TH4) ou (TH32),New Text,New Text,New Text,New Text
text_err_389_gauche_defaut,Erreur U2 : défaut du thermostat de corps et\nde la température de refoulement,New Text,New Text,New Text,New Text
text_err_388_gauche_defaut,Erreur U1 : pression excessive (klixon HP 63H active),New Text,New Text,New Text,New Text
text_err_387_gauche_defaut,Erreur P9 : anomalie de la sonde de température du condenseur\névaporateur ou THW5(ECS) si SUZ,New Text,New Text,New Text,New Text
text_err_386_gauche_defaut,Erreur P8 : anomalie température tuyau R410A,New Text,New Text,New Text,New Text
text_err_385_gauche_defaut,Erreur P6 : protection contre le gel (mode froid) ou surchauffe (mode chaud),New Text,New Text,New Text,New Text
text_err_384_gauche_defaut,Erreur P5 : protection débordement de l'évacuation intérieure,New Text,New Text,New Text,New Text
text_err_383_gauche_defaut,Erreur P4 : anomalie du capteur d'évacuation (DS) ou contact (FS),New Text,New Text,New Text,New Text
text_err_382_gauche_defaut,Erreur P2 : anomalie sur capteur de température liquide (TH2),New Text,New Text,New Text,New Text
text_err_381_gauche_defaut,Erreur P1 : anomalie sur thermostat intérieur (TH1),New Text,New Text,New Text,New Text
text_err_380_gauche_defaut,Erreur FB : carte controller PAC module intérieur en défaut,New Text,New Text,New Text,New Text
text_err_379_gauche_defaut,Erreur F9 : pressostat BP ouvert (63L) ou HP ouvert (63H),New Text,New Text,New Text,New Text
text_err_378_gauche_defaut,Erreur F5 : pressostat HP ouvert (63H),New Text,New Text,New Text,New Text
text_err_377_gauche_defaut,Erreur F3 : pressostat BP ouvert (63L),New Text,New Text,New Text,New Text
text_err_376_gauche_defaut,Erreur EF : code erreur indéfini,New Text,New Text,New Text,New Text
text_err_375_gauche_defaut,Erreur ED : erreur de comunication enyre cartes/pilotage et power (unité extérieure),New Text,New Text,New Text,New Text
text_err_374_gauche_defaut,Erreur EC : délai de démarrage écoulé,New Text,New Text,New Text,New Text
text_err_373_gauche_defaut,Erreur EB : erreur sur câblage des modules internes et externes,New Text,New Text,New Text,New Text
text_err_372_gauche_defaut,Erreur EA : cablage des modules en inadéqiuation avec \nlaquantité d'unité intérieure,New Text,New Text,New Text,New Text
text_err_371_gauche_defaut,Erreur E9 : erreur COM. transmition UI/UE (détect. UI),New Text,New Text,New Text,New Text
text_err_370_gauche_defaut,Erreur E8 : erreur COM. récéption UI/UE (détect. UI),New Text,New Text,New Text,New Text
text_err_369_gauche_defaut,Erreur E7 : erreur COM. transmition UI/UE (détect. UI),New Text,New Text,New Text,New Text
text_err_368_gauche_defaut,Erreur E6 : erreur COM. récéption UI/UE (détect. UI),New Text,New Text,New Text,New Text
text_err_367_gauche_defaut,Erreur E5 : err. communication télécommande (avec UI),New Text,New Text,New Text,New Text
text_err_366_gauche_defaut,Erreur E4 : err. signal télécommande (avec UI),New Text,New Text,New Text,New Text
text_err_365_gauche_defaut,Erreur E3 : err. communication télécommande (transmission),New Text,New Text,New Text,New Text
text_err_364_gauche_defaut,Erreur E1-E2 : anomalie de la télécommande,New Text,New Text,New Text,New Text
text_err_363_gauche_defaut,Erreur E0 : erreur de communication avec télécommande,New Text,New Text,New Text,New Text
text_err_362_gauche_defaut,Erreur A0-A8 : erreur de communication sur M-NET,New Text,New Text,New Text,New Text
text_err_361_gauche_defaut,Erreur UD : protection liée à une surchauffe (TH3),New Text,New Text,New Text,New Text
text_err_360_gauche_defaut,Erreur U9 : anomalie de tension d'alimentation,New Text,New Text,New Text,New Text
text_err_359_gauche_defaut,Erreur U9 : anomalie de tension d'alimentation (PFC/IGBT erreur),New Text,New Text,New Text,New Text
text_err_358_gauche_defaut,Erreur U9 : anomalie de tension d'alimentation (PFC erreur),New Text,New Text,New Text,New Text
text_err_357_gauche_defaut,Erreur U9 : anomalie de tension d'alimentation (Synchronisation des signaux de puiossance),New Text,New Text,New Text,New Text
text_err_356_gauche_defaut,Erreur U9 : anomalie de tension d'alimentation (Phase L1 ouverte),New Text,New Text,New Text,New Text
text_err_355_gauche_defaut,Erreur U9 : anomalie de tension d'alimentation (Sous tension),New Text,New Text,New Text,New Text
text_err_354_gauche_defaut,Erreur U9 : anomalie de tension d'alimentation (Sur tension),New Text,New Text,New Text,New Text
text_err_353_gauche_defaut,Erreur PA : water leakage,New Text,New Text,New Text,New Text
text_err_352_gauche_defaut,Erreur EE : combination error with indoor units,New Text,New Text,New Text,New Text
text_err_351_gauche_defaut,Erreur FC : outoor control system,New Text,New Text,New Text,New Text
text_err_350_gauche_defaut,Erreur PL : outdoor refrigerant system abnormally,New Text,New Text,New Text,New Text
text_err_348_gauche_defaut,Erreur LF : flow sensor failure,New Text,New Text,New Text,New Text
text_err_347_gauche_defaut,Erreur LB : high pressure protection,New Text,New Text,New Text,New Text
text_err_346_gauche_defaut,Erreur LA : pressure sensor failure,New Text,New Text,New Text,New Text
text_err_345_gauche_defaut,Erreur L9 : low primary circuit flow rate detected by flow switch,New Text,New Text,New Text,New Text
text_err_344_gauche_defaut,Erreur L8 : heating operation error,New Text,New Text,New Text,New Text
text_err_343_gauche_defaut,Erreur L6 : circulation water freeze protection,New Text,New Text,New Text,New Text
text_err_342_gauche_defaut,Erreur L5 : thermistor (return water temp.) (THW2),New Text,New Text,New Text,New Text
text_err_341_gauche_defaut,Erreur L4 : DHW tank water temperature overheat protection,New Text,New Text,New Text,New Text
text_err_300_gauche_defaut,Erreur : sonde S1,New Text,New Text,New Text,New Text
text_err_278_gauche_defaut,Erreur : configuration carte PW Inverter\nVérifier la présence du cavalier sur CN622,New Text,New Text,New Text,New Text
text_err_277_gauche_defaut,Erreur : carte inverter suite à une coupure\nArrêter votre PAC 15 mnet redémarrer,New Text,New Text,New Text,New Text
text_err_276_gauche_defaut,"Erreur : Compresseur 2 HM, fonct. mode dégradé",New Text,New Text,New Text,New Text
text_err_275_gauche_defaut,Erreur : Température d'eau supérieure à 85°C,New Text,New Text,New Text,New Text
text_err_274_gauche_defaut,Erreur : Température d'eau inférieure à 5°C,New Text,New Text,New Text,New Text
text_err_273_gauche_defaut,Erreur : Défaut de communication carte PW,New Text,New Text,New Text,New Text
text_err_272_gauche_defaut,Erreur : Cycle de dégivrage,New Text,New Text,New Text,New Text
text_err_271_gauche_defaut,Erreur : Fonctionnement 410 HP anormale,New Text,New Text,New Text,New Text
text_err_270_gauche_defaut,Erreur : Fonctionnement 410 BP anormale,New Text,New Text,New Text,New Text
text_err_269_gauche_defaut,Erreur : Problème démarrage circuit frigo,New Text,New Text,New Text,New Text
text_err_268_gauche_defaut,Erreur : Erreurs récurrentes circuit frigo,New Text,New Text,New Text,New Text
text_err_267_gauche_defaut,Erreur : Circuit 134 en défaut,New Text,New Text,New Text,New Text
text_err_266_gauche_defaut,Erreur : Circuit 410 en défaut,New Text,New Text,New Text,New Text
text_err_265_gauche_defaut,Erreur : Arrêt protection Circuit 134,New Text,New Text,New Text,New Text
text_err_264_gauche_defaut,Erreur : Arrêt protection Circuit 410,New Text,New Text,New Text,New Text
text_err_263_gauche_defaut,Erreur : Pression détendeur HP INT,New Text,New Text,New Text,New Text
text_err_262_gauche_defaut,Erreur : Pression HP compresseur 134,New Text,New Text,New Text,New Text
text_err_261_gauche_defaut,Erreur : Pression HP compresseur 410,New Text,New Text,New Text,New Text
text_err_260_gauche_defaut,Erreur : Pression BP compresseur 134,New Text,New Text,New Text,New Text
text_err_259_gauche_defaut,Erreur : Pression BP compresseur 410,New Text,New Text,New Text,New Text
text_err_258_gauche_defaut,Erreur : Sonde température frigo Spare,New Text,New Text,New Text,New Text
text_err_257_gauche_defaut,Erreur : Débit d'eau insuffisant,New Text,New Text,New Text,New Text
text_err_256_gauche_defaut,Erreur : Sonde température TEV134,New Text,New Text,New Text,New Text
text_err_255_gauche_defaut,Erreur : Sonde température TSC410 B,New Text,New Text,New Text,New Text
text_err_254_gauche_defaut,Erreur : Sonde température TDS134,New Text,New Text,New Text,New Text
text_err_253_gauche_defaut,Erreur : Sonde température TSC410 A,New Text,New Text,New Text,New Text
text_err_252_gauche_defaut,Erreur : Sonde température TDS410,New Text,New Text,New Text,New Text
text_err_251_gauche_defaut,Erreur : Pressostat sécurité R134,New Text,New Text,New Text,New Text
text_err_250_gauche_defaut,Erreur : Pressostat sécurité R410,New Text,New Text,New Text,New Text
text_err_202_gauche_defaut,Erreur : Sonde température TEV_OUT,New Text,New Text,New Text,New Text
text_err_201_gauche_defaut,Erreur : Sonde température TEV_IN,New Text,New Text,New Text,New Text
text_err_200_gauche_defaut,Erreur : Sonde extérieure,New Text,New Text,New Text,New Text
text_err_134_gauche_defaut,Erreur : Défaut communication carte MZ3,New Text,New Text,New Text,New Text
text_err_133_gauche_defaut,Erreur : Défaut communication carte MZ2,New Text,New Text,New Text,New Text
text_err_132_gauche_defaut,Erreur : Défaut communication carte MZ1,New Text,New Text,New Text,New Text
text_err_131_gauche_defaut,Erreur : Défaut communication carte ECS,New Text,New Text,New Text,New Text
text_err_130_gauche_defaut,Erreur : Défaut communication esclave,New Text,New Text,New Text,New Text
text_err_128_gauche_defaut,Erreur : Défaut communication modbus,New Text,New Text,New Text,New Text
text_err_127_gauche_defaut,Erreur : Défaut communication modbus,New Text,New Text,New Text,New Text
text_err_125_gauche_defaut,Erreur : Association multiple antenne RF,New Text,New Text,New Text,New Text
text_err_124_gauche_defaut,Thermodynamique Maximum atteint en mode ECS,New Text,New Text,New Text,New Text
text_err_123_gauche_defaut,Erreur : Sonde d'eau ballon tampon,New Text,New Text,New Text,New Text
text_err_122_gauche_defaut,Erreur : Défaut communication antenne RF,New Text,New Text,New Text,New Text
text_err_121_gauche_defaut,Erreur : Défaut communication carte FAN,New Text,New Text,New Text,New Text
text_err_120_gauche_defaut,Erreur : Défaut communication carte FRIGO,New Text,New Text,New Text,New Text
text_err_119_gauche_defaut,Erreur : Erreur RTC,New Text,New Text,New Text,New Text
text_err_118_gauche_defaut,Erreur : Erreur mémoire Flash,New Text,New Text,New Text,New Text
text_err_117_gauche_defaut,Erreur : Erreur mémoire EEPROM,New Text,New Text,New Text,New Text
text_err_116_gauche_defaut,Erreur : Compteur de puissance,New Text,New Text,New Text,New Text
text_err_115_gauche_defaut,Erreur : Pression d'eau chauffage,New Text,New Text,New Text,New Text
text_err_114_gauche_defaut,Erreur : Erreur système,New Text,New Text,New Text,New Text
text_err_112_gauche_defaut,Erreur : Sonde ballon ECS Bas,New Text,New Text,New Text,New Text
text_err_111_gauche_defaut,Erreur : Sonde ballon ECS Milieu,New Text,New Text,New Text,New Text
text_err_110_gauche_defaut,Erreur : Sonde d'eau piscine,New Text,New Text,New Text,New Text
text_err_107_gauche_defaut,Erreur : Sonde d'eau ballon tampon froid,New Text,New Text,New Text,New Text
text_err_105_gauche_defaut,Erreur : Sonde d'eau primaire retour,New Text,New Text,New Text,New Text
text_err_104_gauche_defaut,Erreur : Sonde d'eau primaire aller,New Text,New Text,New Text,New Text
text_err_80_gauche_defaut,Erreur : Sonde d'eau retour Groupe B,New Text,New Text,New Text,New Text
text_err_79_gauche_defaut,Erreur : Sonde d'eau retour Groupe A,New Text,New Text,New Text,New Text
text_err_78_gauche_defaut,Erreur : Sonde d'eau retour zone 8,New Text,New Text,New Text,New Text
text_err_77_gauche_defaut,Erreur : Sonde d'eau retour zone 7,New Text,New Text,New Text,New Text
text_err_76_gauche_defaut,Erreur : Sonde d'eau retour zone 6,New Text,New Text,New Text,New Text
text_err_75_gauche_defaut,Erreur : Sonde d'eau retour zone 5,New Text,New Text,New Text,New Text
text_err_74_gauche_defaut,Erreur : Sonde d'eau retour zone 4,New Text,New Text,New Text,New Text
text_err_73_gauche_defaut,Erreur : Sonde d'eau retour zone 3,New Text,New Text,New Text,New Text
text_err_72_gauche_defaut,Erreur : Sonde d'eau retour zone 2,New Text,New Text,New Text,New Text
text_err_71_gauche_defaut,Erreur : Sonde d'eau retour zone 1,New Text,New Text,New Text,New Text
text_err_70_gauche_defaut,Erreur : Sonde d'eau départ Groupe B,New Text,New Text,New Text,New Text
text_err_69_gauche_defaut,Erreur : Sonde d'eau départ Groupe A,New Text,New Text,New Text,New Text
text_err_68_gauche_defaut,Erreur : Sonde d'eau départ zone 8,New Text,New Text,New Text,New Text
text_err_67_gauche_defaut,Erreur : Sonde d'eau départ zone 7,New Text,New Text,New Text,New Text
text_err_66_gauche_defaut,Erreur : Sonde d'eau départ zone 6,New Text,New Text,New Text,New Text
text_err_65_gauche_defaut,Erreur : Sonde d'eau départ zone 5,New Text,New Text,New Text,New Text
text_err_64_gauche_defaut,Erreur : Sonde d'eau départ zone 4,New Text,New Text,New Text,New Text
text_err_63_gauche_defaut,Erreur : Sonde d'eau départ zone 3,New Text,New Text,New Text,New Text
text_err_62_gauche_defaut,Erreur : Sonde d'eau départ zone 2,New Text,New Text,New Text,New Text
text_err_61_gauche_defaut,Erreur : Sonde d'eau départ zone 1,New Text,New Text,New Text,New Text
text_err_58_gauche_defaut,Erreur : Sonde intérieure zone 8,New Text,New Text,New Text,New Text
text_err_57_gauche_defaut,Erreur : Sonde intérieure zone 7,New Text,New Text,New Text,New Text
text_err_56_gauche_defaut,Erreur : Sonde intérieure zone 6,New Text,New Text,New Text,New Text
text_err_55_gauche_defaut,Erreur : Sonde intérieure zone 5,New Text,New Text,New Text,New Text
text_err_54_gauche_defaut,Erreur : Sonde intérieure zone 4,New Text,New Text,New Text,New Text
text_err_53_gauche_defaut,Erreur : Sonde intérieure zone 3,New Text,New Text,New Text,New Text
text_err_52_gauche_defaut,Erreur : Sonde intérieure zone 2,New Text,New Text,New Text,New Text
text_err_51_gauche_defaut,Erreur : Sonde intérieure zone 1,New Text,New Text,New Text,New Text
text_err_50_gauche_defaut,Erreur : Capteur de débit Groupe B,New Text,New Text,New Text,New Text
text_err_49_gauche_defaut,Erreur : Capteur de débit Groupe A,New Text,New Text,New Text,New Text
text_err_48_gauche_defaut,Erreur : Capteur de débit Zone 8,New Text,New Text,New Text,New Text
text_err_47_gauche_defaut,Erreur : Capteur de débit Zone 7,New Text,New Text,New Text,New Text
text_err_46_gauche_defaut,Erreur : Capteur de débit Zone 6,New Text,New Text,New Text,New Text
text_err_45_gauche_defaut,Erreur : Capteur de débit Zone 5,New Text,New Text,New Text,New Text
text_err_44_gauche_defaut,Erreur : Capteur de débit Zone 4,New Text,New Text,New Text,New Text
text_err_43_gauche_defaut,Erreur : Capteur de débit Zone 3,New Text,New Text,New Text,New Text
text_err_42_gauche_defaut,Erreur : Capteur de débit Zone 2,New Text,New Text,New Text,New Text
text_err_41_gauche_defaut,Erreur : Capteur de débit Zone 1,New Text,New Text,New Text,New Text
text_err_40_gauche_defaut,Erreur : Capteur de débit Primaire,New Text,New Text,New Text,New Text
text_err_30_gauche_defaut,Info : Demande de fonctionnement de la chaudière,New Text,New Text,New Text,New Text
text_err_18_gauche_defaut,Erreur : Boot carte Multizone,New Text,New Text,New Text,New Text
text_err_17_gauche_defaut,Erreur : Boot carte ECS,New Text,New Text,New Text,New Text
text_err_16_gauche_defaut,Erreur : Boot antenne RF,New Text,New Text,New Text,New Text
text_err_15_gauche_defaut,Erreur : Boot IHM,New Text,New Text,New Text,New Text
text_err_14_gauche_defaut,Erreur : Boot carte FRIGO,New Text,New Text,New Text,New Text
text_err_13_gauche_defaut,Erreur : Boot carte PW,New Text,New Text,New Text,New Text
text_err_12_gauche_defaut,Erreur : Boot carte FAN,New Text,New Text,New Text,New Text
text_err_11_gauche_defaut,Erreur : Boot carte REG - REG,New Text,New Text,New Text,New Text
text_err_10_gauche_defaut,Erreur : Boot carte REG - ETHER,New Text,New Text,New Text,New Text
text_err_inconnue_gauche_defaut,Erreur : Non référencée dans l'IHM,New Text,New Text,New Text,New Text
text_alarmes_centre_defaut,Alarmes,New Text,New Text,New Text,New Text
text_circulateur_carte_reg_Z2_centre_defaut,"Circulateurs
Carte REG (Z2)",New Text,New Text,New Text,New Text
text_circulateur_carte_reg_Z1_centre_defaut,"Circulateurs
Carte REG (Z1)",New Text,New Text,New Text,New Text
text_circulateur_carte_reg_P_centre_defaut,"Circulateurs
Carte REG (P)",New Text,New Text,New Text,New Text
text_test_composants_titre_centre_defaut,Test Composants,New Text,New Text,New Text,New Text
text_circulateur_geotwin_centre_defaut,"Circulateurs
Carte GEOTWIN",New Text,New Text,New Text,New Text
text_relais_geotwin_centre_defaut,"Relais
Carte GEOTWIN",New Text,New Text,New Text,New Text
text_detendeur_geotwin_centre_defaut,"Détendeur
Carte GEOTWIN",New Text,New Text,New Text,New Text
text_comp2_geotwin_centre_defaut,"Compresseur 2
Carte GEOTWIN",New Text,New Text,New Text,New Text
text_comp1_geotwin_centre_defaut,"Compresseur 1
Carte GEOTWIN",New Text,New Text,New Text,New Text
text_sortie_det4_inv_centre_defaut,"Sortie
DET 4",New Text,New Text,New Text,New Text
text_sortie_det3_inv_centre_defaut,"Sortie
DET 3",New Text,New Text,New Text,New Text
text_sortie_det2_inv_centre_defaut,"Sortie
DET2",New Text,New Text,New Text,New Text
text_sortie_vent_inv_centre_defaut,"Sortie
OUT VENT",New Text,New Text,New Text,New Text
text_sortie_det1_inv_centre_defaut,"Sortie
DET 1",New Text,New Text,New Text,New Text
text_sortie_option_inv_centre_defaut,"Sortie
OPTION",New Text,New Text,New Text,New Text
text_sortie_circ_prim_inv_centre_defaut,"Sortie
circulateur
CIRC PRIM",New Text,New Text,New Text,New Text
text_sortie_relais_v4v_inv_centre_defaut,"Sortie Relais
V4V",New Text,New Text,New Text,New Text
text_sortie_circ_cent_capt_inv_dentre_defaut,"Sortie
circulateur
VENT CAPT",New Text,New Text,New Text,New Text
text_sortie_relais_puits_inv_centre_defaut,"Sortie Relais
Cont. PUITS",New Text,New Text,New Text,New Text
text_sortie_relais_spa2_inv_centre_defaut,"Sortie Relais
SPA2",New Text,New Text,New Text,New Text
text_sortie_relais_spa1_inv_centre_defaut,"Sortie Relais
SPA1",New Text,New Text,New Text,New Text
text_sortie_relais_c2_inv_centre_defaut,"Sortie Relais
C2",New Text,New Text,New Text,New Text
text_sortie_relais_c1_inv_centre_defaut,"Sortie Relais
C1",New Text,New Text,New Text,New Text
text_sortie_relais_rc_inv_centre_defaut,"Sortie relais
RC",New Text,New Text,New Text,New Text
text_sortie_relais_ev_inv_centre_defaut,"Sortie relais
EV",New Text,New Text,New Text,New Text
text_sortie_relais_rv_inv_centre_defaut,"Sortie relais
RV",New Text,New Text,New Text,New Text
text_sorties_relais_appoint_inv_centre_defaut,"Sorties Relais
APPOINT
(3s)",New Text,New Text,New Text,New Text
text_sortie_carte_mz_0_10v_centre_defaut,"Sorties 0-10V
Carte MZ
(60 secs 75%)",New Text,New Text,New Text,New Text
text_relais_carte_mz_centre_defaut,"Relais
Carte MZ
(10 secs)",New Text,New Text,New Text,New Text
text_circulateur_carte_geo_cenbtre_defaut,"Circulateurs
Carte GEOTWIN",New Text,New Text,New Text,New Text
text_relais_carte_geo_centre_defaut,"Relais
Carte GEOTWIN",New Text,New Text,New Text,New Text
text_detendeur_carte_geo_centre_defaut,"Détendeur
Carte GEOTWIN",New Text,New Text,New Text,New Text
text_comp2_carte_geo_centre_defaut,"Compresseur 2
Carte GEOTWIN",New Text,New Text,New Text,New Text
text_comp1_carte_geo_centre_defaut,"Compresseur 1
Carte GEOTWIN",New Text,New Text,New Text,New Text
text_relais_v3v_carte_ecs_centre_defaut,"Relais V3V
Carte ECS",New Text,New Text,New Text,New Text
text_relais_appoint_carte_ecs_centre_defaut,"Relais Appoint
Carte ECS",New Text,New Text,New Text,New Text
text_relais_circulateur_carte_ecs_centre_defaut,"Relais
Circulateur
Carte ECS",New Text,New Text,New Text,New Text
text_sorties_ana_carte_ecs_centre_defaut,"Sorties
analogiques
Carte ECS",New Text,New Text,New Text,New Text
text_relais_carte_reg_centre_defaut,"Relais
Carte REG",New Text,New Text,New Text,New Text
text_vanne_de_melange_carte_reg_centre_defaut,"Vanne de
mélange
Carte REG",New Text,New Text,New Text,New Text
text_circulateur_carte_reg_centre_defaut,"Circulateurs
Carte REG",New Text,New Text,New Text,New Text
text_titre_verification_annuelle,* * * VERIFICATION ANNUELLE * * *,New Text,New Text,New Text,New Text
text_verification_anode,"Veuillez faire effectuer par votre installateur votre entretien annuel sur votre
pompe à chaleur : Contrôle de l'étanchéité du circuit frigorifique, Nettoyage
des filtres et pots à boues, Contrôle de l'état de l'anode pour les Pompes à
chaleur disposant de l'option eau chaude sanitaire, Nettoyage de la batterie à
ailette de l'unité extérieure pour les groupes aérothermiques, Contrôle du taux
de glycol pour les groupe Géothermiques, Resserrage des bornes des différents
composants électriques, Contrôle et regonflage du vase d'expansion...",New Text,New Text,New Text,New Text
text_na_centre_defaut,NA,NA,NA,NA,NA
text_na_droite_defaut,NA,NA,NA,NA,NA
text_na_gauche_defaut,NA,NA,NA,NA,NA
text_message_meme_numero_sonde,"Une autre sonde Modbus ou RF est déjà attribuée avec le
même numéro de sonde.
- Si votre actuelle sonde est du type Modbus, contrôler les
numéros attribués sur vos sondes RF.
- Si votre actuelle sonde est du type RF, contrôler les
numéros attribués sur vos sondes Modbus.",New Text,New Text,New Text,New Text
text_erreur_config_loi_deau,Erreur : Configuration loi d'eau REG,New Text,New Text,New Text,New Text
text_message_meme_sortie,"Plusieurs zones ou groupes sont affectés à la même sortie
(carte Multi-zone et voie identiques).",New Text,New Text,New Text,New Text
text_var_sys_inv_normal_adresse,Normal (adresse ,New Text,New Text,New Text,New Text
text_var_sys_inv_secours_chaud,Secours (Chaud : consigne),New Text,New Text,New Text,New Text
text_var_sys_inv_secours_froid,Secours (Froid : consigne),New Text,New Text,New Text,New Text
text_val_0,0,New Text,New Text,New Text,New Text
text_val_0_0,0.0,New Text,New Text,New Text,New Text
text_modif_code_acces_titre_centre_defaut,Modifier le code d'accès,New Text,New Text,New Text,New Text
text_mode_commande_valeur,Valeur : ,New Text,New Text,New Text,New Text
text_recup_charge_ui_4,"La procédure de Pump Down a échoué.
trop de gaz esté dans l'unité extérieure.
Vous pouvez répéter la procédure.",New Text,New Text,New Text,New Text
text_recup_charge_ue_4,"La procédure de Pump Down a échoué.
trop de gaz esté dans l'unité intérieure.
Vous pouvez répéter la procédure.",New Text,New Text,New Text,New Text
text_recup_charge_ui_3,Procédure Pump Down réussie.,New Text,New Text,New Text,New Text
text_recup_charge_ue_3,Procédure Pump Down réussie.,New Text,New Text,New Text,New Text
text_recup_charge_ue_2,"Merci de fermer la Vanne 3/4 (ou 7/8)
de l'unité extérieure.",New Text,New Text,New Text,New Text
text_recup_charge_ue_1,"Pump Down en cours...
Surveiller les pression HP410 et BP410",New Text,New Text,New Text,New Text
text_recup_charge_ue,"La fonction permet de vider l'unité intérieure de
son gaz.
La durée en d'environ 5 mn.
Fermer la vanne 3/8""de l'unité extérieure.",New Text,New Text,New Text,New Text
text_recup_charge_ui_2,"Merci de fermer la Vanne 3/4 (ou 7/8)
de l'unité intérieure.",New Text,New Text,New Text,New Text
text_recup_charge_ui_1,"Pump Down en cours...
Surveiller les pression HP410 et BP410",New Text,New Text,New Text,New Text
text_recup_charge_ui,"La fonction permet de vider l'unité extérieure de
son gaz.
La durée en d'environ 5 mn.
Fermer la vanne 3/8""de l'unité intérieure.",New Text,New Text,New Text,New Text
text_registre_val,0,New Text,New Text,New Text,New Text
text_no_mode_commande_defaut,"Pas d'accès au mode commande, défaut de
l'unité extérieure",New Text,New Text,New Text,New Text
text_mode_commande_cde_encours,"Commande en cours...
La durée est d'enriron 10 sec.",New Text,New Text,New Text,New Text
text_val_test_code,0.0°C,New Text,New Text,New Text,New Text
text_pression_bp,"3,4",New Text,New Text,New Text,New Text
text_pression_hp,"8,5",New Text,New Text,New Text,New Text
text_val_pression_bp,Pression BP410 :,New Text,New Text,New Text,New Text
text_val_pression_hp,Pression HP410 : ,New Text,New Text,New Text,New Text
text_value_pression,<Value> b,<Value> b,<Value> b,<Value> b,<Value> b
text_val_freq_record_histo,5,New Text,New Text,New Text,New Text
text_var_sys_reduc_pw_R0,E : 100% / P : 100%,New Text,New Text,New Text,New Text
text_var_sys_reduc_pw_R1,E : 66% / P : 100%,New Text,New Text,New Text,New Text
text_var_sys_reduc_pw_R2,E : 33% / P : 100%,New Text,New Text,New Text,New Text
text_var_sys_reduc_pw_R3,E : 0% / P : 100%,New Text,New Text,New Text,New Text
text_var_sys_reduc_pw_R4,E : 0% / P : 80%,New Text,New Text,New Text,New Text
text_var_sys_reduc_pw_R5,E : 0% / P : 70%,New Text,New Text,New Text,New Text
text_var_sys_reduc_pw_R6,E : 0% / P : 60%,New Text,New Text,New Text,New Text
text_var_sys_reduc_pw_R7,E : 0% / P : 50%,New Text,New Text,New Text,New Text
text_var_sys_1000_pulses,1000,New Text,New Text,New Text,New Text
text_var_sys_800_pulses,800,New Text,New Text,New Text,New Text
text_var_sys_val_priorite_relance_droit_defaut,Piscine,New Text,New Text,New Text,New Text
text_var_sys_0percent_centre_defaut,0%,New Text,New Text,New Text,New Text
text_var_sys_100percent_centre_defaut,100%,New Text,New Text,New Text,New Text
text_var_sys_66percent_centre_defaut,66%,New Text,New Text,New Text,New Text
text_var_sys_33percent_centre_defaut,33%,New Text,New Text,New Text,New Text
text_var_sys_th_radio_droite_defaut,Radio,New Text,New Text,New Text,New Text
text_var_sys_th_modbus_droite_defaut,Modbus,New Text,New Text,New Text,New Text
text_var_sys_th_contact_droite_defaut,Entrée contact,New Text,New Text,New Text,New Text
text_var_sys_tiret_tiret_droite_defaut,--,New Text,New Text,New Text,New Text
text_value_groupeB,Groupe B,New Text,New Text,New Text,New Text
text_marche_droite_defaut,Marche,New Text,New Text,New Text,New Text
text_arret_droite_defaut,Arrêt,New Text,New Text,New Text,New Text
text_on_droite_defaut,On,New Text,New Text,New Text,New Text
text_valeur_nulle,,New Text,New Text,New Text,New Text
text_message_code_incorrect_centre_defaut,Code incorrect,New Text,New Text,New Text,New Text
text_votre_code_titre_centre_defaut,Votre code,New Text,New Text,New Text,New Text
text_configuration_modbus_titre_centre,Configuration Modbus,New Text,New Text,New Text,New Text
text_val_parite,None,New Text,New Text,New Text,New Text
text_val_nb_stopbit,1,New Text,New Text,New Text,New Text
text_val_vitesse_com,19200,New Text,New Text,New Text,New Text
text_value_val_reduc_pw,E : 100% / P : 100%,New Text,New Text,New Text,New Text
text_reduction_puissance_titre_centre_defaut,Réduction de puissance,New Text,New Text,New Text,New Text
text_prog_silence_centre_defaut,Prog. Mode Silence,New Text,New Text,New Text,New Text
text_gestion_des_vannes_3_voies,Gestion des Vannes 3 Voies,New Text,New Text,New Text,New Text
text_valeur_tps_max_simultane_ecs,1H,New Text,New Text,New Text,New Text
text_cycle_antilegionellose_centre_large,Cycle Antilégionellose,New Text,New Text,New Text,New Text
text_chauffe_eau_centre_large,Chauffe-eau,New Text,New Text,New Text,New Text
text_sortie_6,6,New Text,New Text,New Text,New Text
text_sortie_1,1,New Text,New Text,New Text,New Text
text_entree_3,3,New Text,New Text,New Text,New Text
text_entree_2,2,New Text,New Text,New Text,New Text
text_entree_5,5,New Text,New Text,New Text,New Text
text_entree_1,1,New Text,New Text,New Text,New Text
text_zone8_default,Zone 8,New Text,New Text,New Text,New Text
text_zone7_default,Zone 7,New Text,New Text,New Text,New Text
text_zone6_default,Zone 6,New Text,New Text,New Text,New Text
text_zone5_default,Zone 5,New Text,New Text,New Text,New Text
text_zone4_default,Zone 4,New Text,New Text,New Text,New Text
text_zone3_default,Zone 3,New Text,New Text,New Text,New Text
text_zone2_default,Zone 2,New Text,New Text,New Text,New Text
text_zone1_default,Zone 1,New Text,New Text,New Text,New Text
text_valeur_vitesse_ventil_max,5,New Text,New Text,New Text,New Text
text_val_registre,0,New Text,New Text,New Text,New Text
text_val_PDC_gaines,0,New Text,New Text,New Text,New Text
text_message_mode_chaud_pas_autorise,"Mode chaud non autorisé :

- Le mode chaud n'est pas activé dans le groupe où est
rattachée cette zone.",New Text,New Text,New Text,New Text
text_message_mode_froid_pas_autorise,"Mode froid non autorisé :

- Soit la pompe à chaleur n'est pas réversible
- Soit le mode froid n'est pas activé dans le groupe où est
rattachée cette zone.",New Text,New Text,New Text,New Text
text_MZ2_centre_defaut,MZ2,New Text,New Text,New Text,New Text
text_message_v3v_reg,"Vanne 3 voies mélangeuse indisponible sur la ""Zone / Voie 1"" 
de la carte REG :

- La voie 1 de la Carte REG pilote la Zone ayant la température
d'eau la plus élevée en mode chauffage.
- La voie 1 de la Carte REG pilote la Zone ayant la température
d'eau la plus basse en mode rafraîchissement.",New Text,New Text,New Text,New Text
text_autonome,Autonome,Autonome,Autonome,Autonome,Autonome
text_rattachement_zone,<Value>,<Value>,<Value>,<Value>,<Value>
text_hyst_moins_val,-4.0,New Text,New Text,New Text,New Text
text_value_vit_ventil_centre_defaut,70,New Text,New Text,New Text,New Text
text_n,n,New Text,New Text,New Text,New Text
text_v,v,New Text,New Text,New Text,New Text
text_x,x,New Text,New Text,New Text,New Text
text_w,w,New Text,New Text,New Text,New Text
text_m,m,New Text,New Text,New Text,New Text
text_l,l,New Text,New Text,New Text,New Text
text_k,k,New Text,New Text,New Text,New Text
text_j,j,New Text,New Text,New Text,New Text
text_h,h,New Text,New Text,New Text,New Text
text_g,g,New Text,New Text,New Text,New Text
text_f,f,New Text,New Text,New Text,New Text
text_d,d,New Text,New Text,New Text,New Text
text_s,s,New Text,New Text,New Text,New Text
text_q,q,New Text,New Text,New Text,New Text
text_p,p,New Text,New Text,New Text,New Text
text_o,o,New Text,New Text,New Text,New Text
text_i,i,New Text,New Text,New Text,New Text
text_u,u,New Text,New Text,New Text,New Text
text_message_information_titre,***INFORMATION***,New Text,New Text,New Text,New Text
text_y,y,New Text,New Text,New Text,New Text
text_t,t,New Text,New Text,New Text,New Text
text_r,r,New Text,New Text,New Text,New Text
text_e,e,New Text,New Text,New Text,New Text
text_z,z,New Text,New Text,New Text,New Text
text_regul_bcp_interne_centre_defaut,BCP interne,Directe,Directe,Directe,Directe
text_value_sortie_voie2carte2,3,New Text,New Text,New Text,New Text
text_c,c,New Text,New Text,New Text,New Text
text_b,b,New Text,New Text,New Text,New Text
text_message_attention_titre,***ATTENTION***,New Text,New Text,New Text,New Text
text_message_exemple_message,Ceci est un texte d'exemple pour les messages d'information.,New Text,New Text,New Text,New Text
text_message_exemple_titre,***TITRE EXEMPLE***,New Text,New Text,New Text,New Text
text_mode_rafraichissement_centre_defaut,Mode Rafraichissement,New Text,New Text,New Text,New Text
text_voulez_vous_activer_le_groupe,A,New Text,New Text,New Text,New Text
text_groupe_B_centre_defaut,Groupe B,New Text,New Text,New Text,New Text
text_value_groupeA,Groupe A,New Text,New Text,New Text,New Text
text_value_sortie_voie4carte2,4,New Text,New Text,New Text,New Text
text_value_sortie_voie3carte2,3,New Text,New Text,New Text,New Text
text_value_sortie_voie4,4,New Text,New Text,New Text,New Text
text_value_sortie_voie2,2,New Text,New Text,New Text,New Text
text_value_sortie_voie1carte2,1,New Text,New Text,New Text,New Text
text_value_mz_sortie_voie,5,New Text,New Text,New Text,New Text
text_rouge_message_multizones_groupe,"INFORMATION :
Nécessite la présence d'une à deux cartes Multi-zones.",New Text,New Text,New Text,New Text
text_centre_titre_repartition_puissance_zone,Répartition de la puissance entre les zones,New Text,New Text,New Text,New Text
text_value_part_volume_zone2,50,New Text,New Text,New Text,New Text
text_value_part_volume_zone1,50,New Text,New Text,New Text,New Text
text_part_valume_zone,<Value>%,<Value>%,<Value>%,<Value>%,<Value>%
text_recup_config_valeur_centre_defaut,33,New Text,New Text,New Text,New Text
text_recup_config_centre_defaut,Recup config <Value>%,Recup config <Value>%,Recup config <Value>%,Recup config <Value>%,Recup config <Value>%
text_attente_communication_centre_defaut,Démarrage système <value>,Attente communication <value>,Attente communication <value>,Attente communication <value>,Attente communication <value>
text_temp_droit_defaut,<Value>°C,<Value>°C,<Value>°C,<Value>°C,<Value>°C
text_debit_centre_defaut,<Value>l/h,<Value>l/h,<Value>l/h,<Value>l/h,<Value>l/h
text_percent_circ_centre_defaut,<Value>%,<Value>%,<Value>%,<Value>%,<Value>%
text_temp_gauche_defaut,<Value>°C,<Value>°C,<Value>°C,<Value>°C,N<Value>°C
text_EEV_centre_defaut,<Value>/500,<Value>/500,<Value>/500,<Value>/500,<Value>/500
text_circulateur_centre_defaut,Circulateur,New Text,New Text,New Text,New Text
text_temp_HP_cible_gauche_defaut,(<Value>°C),(<Value>°C),(<Value>°C),(<Value>°C),(<Value>°C)
text_min_v3v_ecs_90,Min V3V ECS 90%,New Text,New Text,New Text,New Text
text_min_v3v_ecs_80,Min V3V ECS 80%,New Text,New Text,New Text,New Text
text_min_v3v_ecs_70,Min V3V ECS 70%,New Text,New Text,New Text,New Text
text_type_appoint_ecs_pac,Appoint PAC,New Text,New Text,New Text,New Text
text_type_appoint_ecs_ecs,Résistance sur ECS,New Text,New Text,New Text,New Text
text_min_v3v_ecs_60,Min V3V ECS 60%,New Text,New Text,New Text,New Text
text_min_v3v_ecs_50,Min V3V ECS 50%,New Text,New Text,New Text,New Text
text_min_v3v_ecs_40,Min V3V ECS 40%,New Text,New Text,New Text,New Text
text_min_v3v_ecs_30,Min V3V ECS 30%,New Text,New Text,New Text,New Text
text_pas_de_limitation,Pas de limitation,New Text,New Text,New Text,New Text
text_3h,3H,New Text,New Text,New Text,New Text
text_2h,2H,New Text,New Text,New Text,New Text
text_1h,1H,New Text,New Text,New Text,New Text
text_valeur_vitesse_max_pompe_puits_init_centre_defaut,100,New Text,New Text,New Text,New Text
text_valeur_vitesse_max_pompe_puits_centre_defaut,<value>%,<value>,<value>,<value>,<value>
text_vitesse_max_pompe_puits_centre_defaut,Vitesse maximum de la pompe de puits,Maximum thermodynamic cycle duration or deactivate the function,Duração máxima do ciclo termodinâmico ou desativação da função,Durée du cycle thermodynamique max ou désactiver la fonction,Durée du cycle thermodynamique max ou désactiver la fonction
text_valeur_vitesse_min_pompe_puits_init_centre_defaut,60,New Text,New Text,New Text,New Text
text_valeur_vitesse_min_pompe_puits_centre_defaut,<value>%,<value>,<value>,<value>,<value>
text_vitesse_min_pompe_puits_centre_defaut,Vitesse minimum de la pompe de puits,Maximum thermodynamic cycle duration or deactivate the function,Duração máxima do ciclo termodinâmico ou desativação da função,Durée du cycle thermodynamique max ou désactiver la fonction,Durée du cycle thermodynamique max ou désactiver la fonction
text_oui_non_pilotage_pompe_puits_centre_defaut,Voulez-vous piloter la vitesse de la pompe de puits ?,"Voulez-vous activer la gestion ECS
en simultané ?","Voulez-vous activer la gestion ECS
en simultané ?","Voulez-vous activer la gestion ECS
en simultané ?","Voulez-vous activer la gestion ECS
en simultané ?"
text_non_pilotage_pompe_puits_centre_defaut,Non,No,Não,Non,Non
text_oui_pilotage_pompe_puits_centre_defaut,Oui,Yes,Sim,Oui,Oui
text_oui_marche_forcee_circ_capt_centre_defaut,Oui,Yes,Sim,Oui,Oui
text_non_marche_forcee_circ_capt_centre_defaut,Non,No,Não,Non,Non
text_oui_non_marche_forcee_circ_capt_centre_defaut,Voulez-vous une marche circulateur forcée ?,"Voulez-vous activer la gestion ECS
en simultané ?","Voulez-vous activer la gestion ECS
en simultané ?","Voulez-vous activer la gestion ECS
en simultané ?","Voulez-vous activer la gestion ECS
en simultané ?"
text_valeur_vitesse_type_circ_capteur_init_centre_defaut,V100,New Text,New Text,New Text,New Text
text_valeur_vitesse_type_circ_capteur_centre_defaut,<value>,<value>,<value>,<value>,<value>
text_vitesse_type_circ_capteur_init_centre_defaut,Valeur,Maximum thermodynamic cycle duration or deactivate the function,Duração máxima do ciclo termodinâmico ou desativação da função,Durée du cycle thermodynamique max ou désactiver la fonction,Durée du cycle thermodynamique max ou désactiver la fonction
text_type_circulateur_capteur_centre_defaut,Type de circulateur,Maximum thermodynamic cycle duration or deactivate the function,Duração máxima do ciclo termodinâmico ou desativação da função,Durée du cycle thermodynamique max ou désactiver la fonction,Durée du cycle thermodynamique max ou désactiver la fonction
text_valeur_type_circulateur_capteur_init_centre_defaut,PWM,New Text,New Text,New Text,New Text
text_valeur_type_circulateur_capteur_centre_defaut,<value>,<value>,<value>,<value>,<value>
text_type_capteur_centre_defaut,Type de capteur,Maximum thermodynamic cycle duration or deactivate the function,Duração máxima do ciclo termodinâmico ou desativação da função,Durée du cycle thermodynamique max ou désactiver la fonction,Durée du cycle thermodynamique max ou désactiver la fonction
text_valeur_type_capteur_nappe_barrage_centre_defaut,Nappe barrage,New Text,New Text,New Text,New Text
text_valeur_type_capteur_centre_defaut,<value>,<value>,<value>,<value>,<value>
__SingleUse_R94T,1,New Text,New Text,New Text,New Text
text_fan_centre_defaut,FAN,New Text,New Text,New Text,New Text
__SingleUse_V8B1,MZ,MZ1,MZ1,MZ1,MZ1
__SingleUse_YTS9,MZ1,,,,
__SingleUse_XNZQ,MZ1,,,,
text_carte_mz_test_cps,<Value>,<Value>,<Value>,<Value>,<Value>
__SingleUse_2729,B,°C,°C,°C,°C
__SingleUse_CTLB,R,°C,°C,°C,°C
__SingleUse_IHIL,D,°C,°C,°C,°C
__SingleUse_UEP1,25,New Text,New Text,New Text,New Text
text_histo_temp_droite_defaut,<Value>°C,<Value>°C,<Value>°C,<Value>°C,<Value>°C
__SingleUse_MFL0,25,New Text,New Text,New Text,New Text
__SingleUse_1JQB,25,New Text,New Text,New Text,New Text
__SingleUse_ABAI,60,New Text,New Text,New Text,New Text
__SingleUse_VQNY,0,New Text,New Text,New Text,New Text
__SingleUse_Z81F,-10 mn,New Text,New Text,New Text,New Text
__SingleUse_4PFM,-60 mn,New Text,New Text,New Text,New Text
__SingleUse_OYH7,R.A.Z,New Text,New Text,New Text,New Text
__SingleUse_L99Z,Z2,New Text,New Text,New Text,New Text
__SingleUse_4UWA,Z1,New Text,New Text,New Text,New Text
text_EEV_gauche_defaut,<Value>/500,<Value>/500,<Value>/500,<Value>/500,<Value>/500
__SingleUse_HB9C,0,New Text,New Text,New Text,New Text
text_freqence_comp,<Value>Hz,<Value>Hz,<Value>Hz,<Value>Hz,<Value>Hz
text_unite_exterieure_synoptique,(Unité extérieure),New Text,New Text,New Text,New Text
text_percent_ventil_2_centre,V2 : <Value> tr/mn,V2 : <Value>tr/mn,V2 : <Value>tr/mn,V2 : <Value>tr/mn,V2 : <Value>tr/mn
__SingleUse_91U1,0,New Text,New Text,New Text,New Text
text_percent_ventil_1_centre,V1 : <Value> tr/mn,V1 : <Value>tr/mn,V1 : <Value>tr/mn,V1 : <Value>tr/mn,V1 : <Value>tr/mn
__SingleUse_MVX7,Off,New Text,New Text,New Text,New Text
__SingleUse_EIA9,0,New Text,New Text,New Text,New Text
__SingleUse_WFFP,Off,New Text,New Text,New Text,New Text
__SingleUse_DRJF,Off,New Text,New Text,New Text,New Text
text_off_gauche_defaut,<Value>,<Value>,<Value>,<Value>,<Value>
text_temp_cible_gauche_defaut,(<Value>°C),(<Value>°C),(<Value>°C),(<Value>°C),(<Value>°C)
text_pression_temp_droite_defaut,<Value>b/<Value>°C,<Value>b/<Value>°C,<Value>b/<Value>°C,<Value>b/<Value>°C,<Value>b/<Value>°C
__SingleUse_B282,Off,/500,/500,/500,/500
text_palier_frequence_2_lignes_droite_defaut,"P.<Value>
F.<Value>Hz","P.<Value>
F.<Value>Hz","P.<Value>
F.<Value>Hz","P.<Value>
F.<Value>Hz","P.<Value>
F.<Value>Hz"
text_pression_temp_gauche_2_lignes_defaut,"<Value>b/
<Value>°C","<Value>b/
<Value>°C","<Value>b/
<Value>°C","<Value>b/
<Value>°C","<Value>b/
<Value>°C"
text_pression_temp_gauche_defaut,<Value>b/<Value>°C,<Value>b/<Value>°C,<Value>b/<Value>°C,<Value>b/<Value>°C,<Value>b/<Value>°C
__SingleUse_WRQ9,100,New Text,New Text,New Text,New Text
text_percent_ventil_droite,<Value>%,<Value>%,<Value>%,<Value>%,<Value>%
__SingleUse_B96G,2,New Text,New Text,New Text,New Text
__SingleUse_S28Z,1,New Text,New Text,New Text,New Text
text_off_resistance_terminaisaon,<Value>,<Value>,<Value>,<Value>,<Value>
__SingleUse_OEC3,:,,,,
text_depart_primaire_centre,Départ Primaire,New Text,New Text,New Text,New Text
text_retour_primaire_centre,Retour Primaire,New Text,New Text,New Text,New Text
text_depart_capteur_centre,Départ Capteur,New Text,New Text,New Text,New Text
text_retour_capteur_centre,Retour Capteur,New Text,New Text,New Text,New Text
text_ballon_tampon_centre,Ballon tampon,New Text,New Text,New Text,New Text
text_HP1_centre,HP circuit 1,New Text,New Text,New Text,New Text
text_HP2_centre,HP circuit 2,New Text,New Text,New Text,New Text
text_ECS_haut_centre,ECS Haute,New Text,New Text,New Text,New Text
text_ECS_bas_centre,ECS Basse,New Text,New Text,New Text,New Text
text_question_envoyer_offset,"Voulez-vous corriger l'offset de la sonde
avec la nouvelle valeur ?",New Text,New Text,New Text,New Text
text_value_retour_offset,Valeur offset : <value>°C,Valeur offset : <value>°C,Valeur offset : <value>°C,Valeur offset : <value>°C,Valeur offset : <value>°C
text_titre_calibrage_offset_sondes,Calibrage de l'offset des sondes,New Text,New Text,New Text,New Text
text_consulter_offset,Consulter l'offset de la sonde ,New Text,New Text,New Text,New Text
text_valeur_sonde_a_calibrer,<Value>,<Value>,<Value>,<Value>,<Value>
text_valeur_offset_sonde,<Value>,<Value>°C,<Value>°C,<Value>°C,<Value>°C
text_titre_offset_sonde,"Offset de température à appliquer
à la sonde",New Text,New Text,New Text,New Text
text_titre_sonde_a_calibrer,Sonde de température à calibrer,New Text,New Text,New Text,New Text
text_usine_offset_sondes,"Calibrage Offset
sondes",New Text,New Text,New Text,New Text
text_var_sys_ajp_val_vide_3,<Value>,<Value>,<Value>,<Value>,<Value>
text_var_sys_ajp_vide_3,<Value> :,<Value> :,<Value> :,<Value> :,<Value> :
text_var_sys_ajp_val_degivrage,<Value>,<Value>,<Value>,<Value>,<Value>
text_var_sys_ajp_degivrage,<Value> : Dégivrage en cours,<Value> : Dégivrage en cours,<Value> : Dégivrage en cours,<Value> : Dégivrage en cours,<Value> : Dégivrage en cours
text_var_sys_ajp_vitesse_ventil2,<Value> : FAN : Vitesse ventilateur évaporateur N 2,<Value> : FAN : Vitesse ventilateur évaporateur N 2,<Value> : FAN : Vitesse ventilateur évaporateur N 2,<Value> : FAN : Vitesse ventilateur évaporateur N 2,<Value> : FAN : Vitesse ventilateur évaporateur N 2
text_var_sys_ajp_vbal_vitesse_ventil1,<Value>,<Value>,<Value>,<Value>,<Value>
text_var_sys_ajp_vitesse_ventil1,<Value> : FAN : Vitesse ventilateur évaporateur N 1,<Value> : FAN : Vitesse ventilateur évaporateur N 1,<Value> : FAN : Vitesse ventilateur évaporateur N 1,<Value> : FAN : Vitesse ventilateur évaporateur N 1,<Value> : FAN : Vitesse ventilateur évaporateur N 1
text_var_sys_ajp_val_temp_teout,<Value>,<Value>,<Value>,<Value>,<Value>
text_var_sys_ajp_temp_tevout,<Value> : FAN : Température TEV OUT,<Value> : FAN : Température TEV OUT,<Value> : FAN : Température TEV OUT,<Value> : FAN : Température TEV OUT,<Value> : FAN : Température TEV OUT
text_var_sys_ajp_val_temp_tevin,<Value>,<Value>,<Value>,<Value>,<Value>
text_var_sys_ajp_temp_tevin,<Value> : FAN : Température TEV IN,<Value> : FAN : Température TEV IN,<Value> : FAN : Température TEV IN,<Value> : FAN : Température TEV IN,<Value> : FAN : Température TEV IN
text_var_sys_ajp_val_eev_ue410,<Value>,<Value>,<Value>,<Value>,<Value>
text_var_sys_ajp_eev_ue410,<Value> : FAN : Détendeur UE 410,<Value> : FAN : Détendeur UE 410,<Value> : FAN : Détendeur UE 410,<Value> : FAN : Détendeur UE 410,<Value> : FAN : Détendeur UE 410
__SingleUse_QSO5,Off,New Text,New Text,New Text,New Text
text_var_sys_ajp_val_led_defaut,<Value>,<Value>,<Value>,<Value>,<Value>
text_var_sys_ajp_led_defaut,<Value> : FAN : Sortie TOR : LED Defaut,<Value> : FAN : Sortie TOR : LED Defaut,<Value> : FAN : Sortie TOR : LED Defaut,<Value> : FAN : Sortie TOR : LED Defaut,<Value> : FAN : Sortie TOR : LED Defaut
text_var_sys_ajp_val_ana_vitesse_ventil,<Value>,<Value>,<Value>,<Value>,<Value>
text_var_sys_ajp_ana_vitesse_ventil,<value> : FAN : Sortie ANA : Vitesse Ventilateur,<value> : FAN : Sortie ANA : Vitesse Ventilateur,<value> : FAN : Sortie ANA : Vitesse Ventilateur,<value> : FAN : Sortie ANA : Vitesse Ventilateur,<value> : FAN : Sortie ANA : Vitesse Ventilateur
__SingleUse_DREP,Off,New Text,New Text,New Text,New Text
text_var_sys_ajp_val_ev5_tor,<Value>,<Value>,<Value>,<Value>,<Value>
text_var_sys_ajp_ev5_tor,<Value> : FAN : Sortie TOR : Evap EV5,<Value> : FAN : Sortie TOR : Evap EV5,<Value> : FAN : Sortie TOR : Evap EV5,<Value> : FAN : Sortie TOR : Evap EV5,<Value> : FAN : Sortie TOR : Evap EV5
text_var_sys_ajp_val_ev4_tor,<Value>,<Value>,<Value>,<Value>,<Value>
text_var_sys_ajp_ev4_tor,<Value> : FAN : Sortie TOR : Evap EV4,<Value> : FAN : Sortie TOR : Evap EV4,<Value> : FAN : Sortie TOR : Evap EV4,<Value> : FAN : Sortie TOR : Evap EV4,<Value> : FAN : Sortie TOR : Evap EV4
text_var_sys_ajp_val_ev3_tor,<Value>,<Value>,<Value>,<Value>,<Value>
text_var_sys_ajp_ev3_tor,<Value> : FAN : Sortie TOR : Evap EV3,<Value> : FAN : Sortie TOR : Evap EV3,<Value> : FAN : Sortie TOR : Evap EV3,<Value> : FAN : Sortie TOR : Evap EV3,<Value> : FAN : Sortie TOR : Evap EV3
text_var_sys_ajp_val_ev_ue_tor,<Value>,<Value>,<Value>,<Value>,<Value>
text_var_sys_ajp_ev_ue_tor,<Value> : FAN : Sortie TOR : Electrovanne UE,<Value> : FAN : Sortie TOR : Electrovanne UE,<Value> : FAN : Sortie TOR : Electrovanne UE,<Value> : FAN : Sortie TOR : Electrovanne UE,<Value> : FAN : Sortie TOR : Electrovanne UE
text_var_sys_ajp_val_ventil_ue_tor,<Value>,<Value>,<Value>,<Value>,<Value>
text_var_sys_ajp_ventil_ue_tor,<Value> : FAN : Sortie TOR : Ventilateur UE,<Value> : FAN : Sortie TOR : Ventilateur UE,<Value> : FAN : Sortie TOR : Ventilateur UE,<Value> : FAN : Sortie TOR : Ventilateur UE,<Value> : FAN : Sortie TOR : Ventilateur UE
text_var_sys_ajp_vide_1,<Value> :,<Value> :,<Value> :,<Value> :,<Value> :
text_var_sys_ajp_vide,<Value> :,<Value> :,<Value> :,<Value> :,<Value> :
__SingleUse_GGTU,0 / 0,New Text,New Text,New Text,New Text
__SingleUse_C2T8,0 / 0,New Text,New Text,New Text,New Text
text_var_sys_ajp_val_mode_mode,<Value> / <Value>,<Value> / <Value>,<Value> / <Value>,<Value> / <Value>,<Value> / <Value>
text_var_sys_ajp_mode_mode,<Value> : FRIGO : Mode Comp / ModeVal / Fmax / Fmin,<Value> : FRIGO : Mode Comp / ModeVal / Fmax / Fmin,<Value> : FRIGO : Mode Comp / ModeVal / Fmax / Fmin,<Value> : FRIGO : Mode Comp / ModeVal / Fmax / Fmin,<Value> : FRIGO : Mode Comp / ModeVal / Fmax / Fmin
__SingleUse_B7R4,Off,New Text,New Text,New Text,New Text
text_var_sys_ajp_val_spare,<Value>,<Value>,<Value>,<Value>,<Value>
text_var_sys_ajp_spare,<Value> : FRIGO : Sortie TOR : frigo Spare,<Value> : FRIGO : Sortie TOR : frigo Spare,<Value> : FRIGO : Sortie TOR : frigo Spare,<Value> : FRIGO : Sortie TOR : frigo Spare,<Value> : FRIGO : Sortie TOR : frigo Spare
__SingleUse_H6C7,Off,New Text,New Text,New Text,New Text
text_var_sys_ajp_ventil_pw,<Value> : FRIGO : Sortie TOR : Ventilateur PW,<Value> : FRIGO : Sortie TOR : Ventilateur PW,<Value> : FRIGO : Sortie TOR : Ventilateur PW,<Value> : FRIGO : Sortie TOR : Ventilateur PW,<Value> : FRIGO : Sortie TOR : Ventilateur PW
__SingleUse_K30S,Off,New Text,New Text,New Text,New Text
text_var_sys_ajp_val_ev_hp410,<Value>,<Value>,<Value>,<Value>,<Value>
text_var_sys_ajp_ev_hp410,<Value> : FRIGO : Sortie TOR : Electrovanne HP 410,<Value> : FRIGO : Sortie TOR : Electrovanne HP 410,<Value> : FRIGO : Sortie TOR : Electrovanne HP 410,<Value> : FRIGO : Sortie TOR : Electrovanne HP 410,<Value> : FRIGO : Sortie TOR : Electrovanne HP 410
__SingleUse_0BWO,0,New Text,New Text,New Text,New Text
text_var_sys_ajp_val_eev134,<Value>,<Value>,<Value>,<Value>,<Value>
text_var_sys_ajp_eev134,<Value> : FRIGO : Détendeur R134,<Value> : FRIGO : Détendeur R134,<Value> : FRIGO : Détendeur R134,<Value> : FRIGO : Détendeur R134,<Value> : FRIGO : Détendeur R134
__SingleUse_91HE,140,New Text,New Text,New Text,New Text
text_var_sys_ajp_val_eevint,<Value>,<Value>,<Value>,<Value>,<Value>
text_var_sys_ajp_eevint,<Value> : FRIGO : Détendeur intermédiaire R410,<Value> : FRIGO : Détendeur intermédiaire R410,<Value> : FRIGO : Détendeur intermédiaire R410,<Value> : FRIGO : Détendeur intermédiaire R410,<Value> : FRIGO : Détendeur intermédiaire R410
__SingleUse_UH8H,103,New Text,New Text,New Text,New Text
text_var_sys_ajp_val_nb_defrost,<Value>,<Value>,<Value>,<Value>,<Value>
text_var_sys_ajp_nb_defrost,<Value> : FRIGO : Nombre de dégivrage,<Value> : FRIGO : Nombre de dégivrage,<Value> : FRIGO : Nombre de dégivrage,<Value> : FRIGO : Nombre de dégivrage,<Value> : FRIGO : Nombre de dégivrage
__SingleUse_VJ9C,Off,New Text,New Text,New Text,New Text
text_var_sys_ajp_val_sortie_v4v,<Value>,<Value>,<Value>,<Value>,<Value>
text_var_sys_ajp_sortie_v4v,<Value> : FRIGO : Sortie TOR : V4V R410,<Value> : FRIGO : Sortie TOR : V4V R410,<Value> : FRIGO : Sortie TOR : V4V R410,<Value> : FRIGO : Sortie TOR : V4V R410,<Value> : FRIGO : Sortie TOR : V4V R410
__SingleUse_YETG,Off,New Text,New Text,New Text,New Text
text_var_sys_ajp_val_pressostat_134,<Value>,<Value>,<Value>,<Value>,<Value>
text_var_sys_ajp_pressostat_134,<Value> : FRIGO : Pressostat HP 134,<Value> : FRIGO : Pressostat HP 134,<Value> : FRIGO : Pressostat HP 134,<Value> : FRIGO : Pressostat HP 134,<Value> : FRIGO : Pressostat HP 134
__SingleUse_YBXJ,Off,New Text,New Text,New Text,New Text
text_var_sys_ajp_val_pressostat_410,<Value>,<Value>,<Value>,<Value>,<Value>
text_var_sys_ajp_pressostat_410,<Value> : FRIGO : Pressostat HP 410,<Value> : FRIGO : Pressostat HP 410,<Value> : FRIGO : Pressostat HP 410,<Value> : FRIGO : Pressostat HP 410,<Value> : FRIGO : Pressostat HP 410
__SingleUse_QJUK,13.8,New Text,New Text,New Text,New Text
__SingleUse_UJVE,3.7,New Text,New Text,New Text,New Text
text_var_sys_ajp_val_press_temp_hp134,<Value> bar / <Value>,<Value> bar / <Value>,<Value> bar / <Value>,<Value> bar / <Value>,<Value> bar / <Value>
__SingleUse_5NGG,14.4,New Text,New Text,New Text,New Text
__SingleUse_NKSN,3.8,New Text,New Text,New Text,New Text
text_var_sys_ajp_press_temp_hp134,<Value> : FRIGO : Pression HP 134 / Température de condensation,<Value> : FRIGO : Pression HP 134 / Température de condensation,<Value> : FRIGO : Pression HP 134 / Température de condensation,<Value> : FRIGO : Pression HP 134 / Température de condensation,<Value> : FRIGO : Pression HP 134 / Température de condensation
text_var_sys_ajp_val_press_temp_bp134,<Value> bar / <Value>,<Value> bar / <Value>,<Value> bar / <Value>,<Value> bar / <Value>,<Value> bar / <Value>
text_var_sys_ajp_press_temp_bp134,<Value> : FRIGO : Pression BP 134 / Température d'évaporation,<Value> : FRIGO : Pression BP 134 / Température d'évaporation,<Value> : FRIGO : Pression BP 134 / Température d'évaporation,<Value> : FRIGO : Pression BP 134 / Température d'évaporation,<Value> : FRIGO : Pression BP 134 / Température d'évaporation
__SingleUse_AEFZ,16.4,New Text,New Text,New Text,New Text
__SingleUse_PWW9,12,New Text,New Text,New Text,New Text
text_var_sys_ajp_val_press_temp_int410,<Value> bar / <Value>,<Value> bar / <Value>,<Value> bar / <Value>,<Value> bar / <Value>,<Value> bar / <Value>
text_var_sys_ajp_press_temp_int410,<Value> : FRIGO : Pression HP INT / Température de condensation int.,<Value> : FRIGO : Pression HP INT / Température de condensation int.,<Value> : FRIGO : Pression HP INT / Température de condensation int.,<Value> : FRIGO : Pression HP INT / Température de condensation int.,<Value> : FRIGO : Pression HP INT / Température de condensation int.
__SingleUse_ASB2,16.9,New Text,New Text,New Text,New Text
__SingleUse_UL55,12.2,New Text,New Text,New Text,New Text
text_var_sys_ajp_val_press_temp_bp410,<Value> bar / <Value>,<Value> bar / <Value>,<Value> bar / <Value>,<Value> bar / <Value>,<Value> bar / <Value>
text_var_sys_ajp_press_temp_bp410,<Value> : FRIGO : Pression BP 410 / Température d'évaporation,<Value> : FRIGO : Pression BP 410 / Température d'évaporation,<Value> : FRIGO : Pression BP 410 / Température d'évaporation,<Value> : FRIGO : Pression BP 410 / Température d'évaporation,<Value> : FRIGO : Pression BP 410 / Température d'évaporation
__SingleUse_UHG0,16.9,New Text,New Text,New Text,New Text
__SingleUse_WQ7H,12.2,New Text,New Text,New Text,New Text
text_var_sys_ajp_val_press_temp_hp410,<Value> bar / <Value>,<Value> bar / <Value>,<Value> bar / <Value>,<Value> bar / <Value>,<Value> bar / <Value>
text_var_sys_ajp_press_temp_hp410,<Value> : FRIGO : Pression HP 410 / Température de condensation,<Value> : FRIGO : Pression HP 410 / Température de condensation,<Value> : FRIGO : Pression HP 410 / Température de condensation,<Value> : FRIGO : Pression HP 410 / Température de condensation,<Value> : FRIGO : Pression HP 410 / Température de condensation
__SingleUse_18X1,0.0,New Text,New Text,New Text,New Text
text_var_sys_ajp_val_temp_igbt,<Value>,<Value>,<Value>,<Value>,<Value>
text_var_sys_ajp_temp_tigbt,<Value> : FRIGO : Température IGBT,<Value> : FRIGO : Température IGBT,<Value> : FRIGO : Température IGBT,<Value> : FRIGO : Température IGBT,<Value> : FRIGO : Température IGBT
__SingleUse_KOOK,0.0,New Text,New Text,New Text,New Text
text_var_sys_ajp_val_temp_tev134,<Value>,<Value>,<Value>,<Value>,<Value>
text_var_sys_ajp_temp_tev134,<Value> : FRIGO : Température sortie détendeur 134 (TEV_134),<Value> : FRIGO : Température sortie détendeur 134 (TEV_134),<Value> : FRIGO : Température sortie détendeur 134 (TEV_134),<Value> : FRIGO : Température sortie détendeur 134 (TEV_134),<Value> : FRIGO : Température sortie détendeur 134 (TEV_134)
__SingleUse_GN5F,0.0,New Text,New Text,New Text,New Text
text_var_sys_ajp_val_tds134,<Value>,<Value>,<Value>,<Value>,<Value>
text_var_sys_ajp_temp_tds134,<Value> : FRIGO : Température HP (TDS_134),<Value> : FRIGO : Température HP (TDS_134),<Value> : FRIGO : Température HP (TDS_134),<Value> : FRIGO : Température HP (TDS_134),<Value> : FRIGO : Température HP (TDS_134)
text_var_sys_ajp_val_temp_objectif_134,<Value>,<Value>,<Value>,<Value>,<Value>
text_var_sys_ajp_temp_objectif_134,<Value> : FRIGO : Objectif température refoulement 134,<Value> : FRIGO : Objectif température refoulement 134,<Value> : FRIGO : Objectif température refoulement 134,<Value> : FRIGO : Objectif température refoulement 134,<Value> : FRIGO : Objectif température refoulement 134
__SingleUse_9B5O,45.0,New Text,New Text,New Text,New Text
text_var_sys_ajp_val_tsc410b,<Value>,<Value>,<Value>,<Value>,<Value>
text_var_sys_ajp_tsc410b,<Value> : FRIGO : Température sortie condenseur B (TSC_410_B),<Value> : FRIGO : Température sortie condenseur B (TSC_410_B),<Value> : FRIGO : Température sortie condenseur B (TSC_410_B),<Value> : FRIGO : Température sortie condenseur B (TSC_410_B),<Value> : FRIGO : Température sortie condenseur B (TSC_410_B)
__SingleUse_36GB,45.0,New Text,New Text,New Text,New Text
text_var_sys_ajp_val_tsc410a,<Value>,<Value>,<Value>,<Value>,<Value>
text_var_sys_ajp_tsc410a,<Value> : FRIGO : Température sortie condenseur A (TSC_410_A),<Value> : FRIGO : Température sortie condenseur B (TSC_410_A),<Value> : FRIGO : Température sortie condenseur B (TSC_410_A),<Value> : FRIGO : Température sortie condenseur B (TSC_410_A),<Value> : FRIGO : Température sortie condenseur B (TSC_410_A)
__SingleUse_HFEM,45.0,New Text,New Text,New Text,New Text
text_var_sys_ajp_val_temp_tds410,<Value>,<Value>,<Value>,<Value>,<Value>
text_var_sys_ajp_temp_tds410,<Value> : FRIGO : Température HP (TDS_410),<Value> : FRIGO : Température HP (TDS_410),<Value> : FRIGO : Température HP (TDS_410),<Value> : FRIGO : Température HP (TDS_410),<Value> : FRIGO : Température HP (TDS_410)
text_var_sys_ajp_val_temp_objectif_410,<Value>,<Value>,<Value>,<Value>,<Value>
text_var_sys_temp_obj_410,<Value> : FRIGO : Objectif température refoulement 410,<Value> : FRIGO : Objectif température refoulement 410,<Value> : FRIGO : Objectif température refoulement 410,<Value> : FRIGO : Objectif température refoulement 410,<Value> : FRIGO : Objectif température refoulement 410
__SingleUse_V8CY,Off,New Text,New Text,New Text,New Text
text_var_sys_ajp_val_demande_comp2,<Value>,<Value>,<Value>,<Value>,<Value>
text_var_sys_ajp_demande_comp2,<Value> : FRIGO : Demande compresseur 2,<Value> : FRIGO : Demande compresseur 2,<Value> : FRIGO : Demande compresseur 2,<Value> : FRIGO : Demande compresseur 2,<Value> : FRIGO : Demande compresseur 2
__SingleUse_FT0M,0,New Text,New Text,New Text,New Text
text_var_sys_ajp_val_demande_comp1,<Value>,<Value>,<Value>,<Value>,<Value>
text_var_sys_ajp_demande_comp1,<Value> : FRIGO : Demande compresseur 1,<Value> : FRIGO : Demande compresseur 1,<Value> : FRIGO : Demande compresseur 1,<Value> : FRIGO : Demande compresseur 1,<Value> : FRIGO : Demande compresseur 1
text_var_sys_ajp_val_vide1,New Text,New Text,New Text,New Text,New Text
text_var_sys_ajp_vide1,<Value> :,<Value>,<Value>,<Value>,<Value>
__SingleUse_TE59,3,New Text,New Text,New Text,New Text
text_var_sys_ajp_val_alim_dc,<Value> V / <Value> A,<Value> V / <Value> A,<Value> V / <Value> A,<Value> V / <Value> A,<Value> V / <Value> A
text_var_sys_ajp_alim_dc,<Value> : PW : Alimentation DC,<Value> : PW : Alimentation DC,<Value> : PW : Alimentation DC,<Value> : PW : Alimentation DC,<Value> : PW : Alimentation DC
__SingleUse_25YB,5,New Text,New Text,New Text,New Text
__SingleUse_L27I,238,New Text,New Text,New Text,New Text
text_var_sys_ajp_val_alim_ac,<Value> V / <Value> A,<Value> V / <Value> A,<Value> V / <Value> A,<Value> V / <Value> A,<Value> V / <Value> A
text_var_sys_ajp_alim_ac,<Value> : PW : Alimentation AC,<Value> : PW : Alimentation AC,<Value> : PW : Alimentation AC,<Value> : PW : Alimentation AC,<Value> : PW : Alimentation AC
text_var_sys_ajp_val_nb_cycle_comp2,<Value>,<Value>,<Value>,<Value>,<Value>
text_var_sys_ajp_nb_cycle_comp2,<Value> : PW : Nombre de cycle compresseur 2,<Value> : PW : Nombre de cycle compresseur 2,<Value> : PW : Nombre de cycle compresseur 2,<Value> : PW : Nombre de cycle compresseur 2,<Value> : PW : Nombre de cycle compresseur 2
text_var_sys_ajp_val_tps_fct_comp2,<Value> H,<Value> H,<Value> H,<Value> H,<Value> H
text_var_sys_ajp_tps_fct_comp2,<Value> : PW : Temps de fonctionnement compresseur 2,<Value> : PW : Temps de fonctionnement compresseur 2,<Value> : PW : Temps de fonctionnement compresseur 2,<Value> : PW : Temps de fonctionnement compresseur 2,<Value> : PW : Temps de fonctionnement compresseur 2
__SingleUse_CD6P,Off,New Text,New Text,New Text,New Text
text_var_sys_ajp_val_statut_comp2,<Value>,<Value>,<Value>,<Value>,<Value>
text_var_sys_ajp_statut_comp2,<Value> : PW : Statut compresseur 2,<Value> : PW : Statut compresseur 2,<Value> : PW : Statut compresseur 2,<Value> : PW : Statut compresseur 2,<Value> : PW : Statut compresseur 2
__SingleUse_EIAF,160,New Text,New Text,New Text,New Text
text_var_sys_ajp_val_nb_cycle_comp1,<Value>,<Value>,<Value>,<Value>,<Value>
text_var_sys_ajp_nb_cycle_comp1,<Value> : PW : Nombre de cycle compresseur 1,<Value> : PW : Nombre de cycle compresseur 1,<Value> : PW : Nombre de cycle compresseur 1,<Value> : PW : Nombre de cycle compresseur 1,<Value> : PW : Nombre de cycle compresseur 1
__SingleUse_4Z64,142,New Text,New Text,New Text,New Text
text_var_sys_ajp_val_tps_fct_comp1,<Value> H,<Value> H,<Value> H,<Value> H,<Value> H
text_var_sys_ajp_tps_fct_comp1,<Value> : PW : Temps de fonctionnement compresseur 1,<Value> : PW : Temps de fonctionnement compresseur 1,<Value> : PW : Temps de fonctionnement compresseur 1,<Value> : PW : Temps de fonctionnement compresseur 1,<Value> : PW : Temps de fonctionnement compresseur 1
__SingleUse_WJ8T,0,New Text,New Text,New Text,New Text
text_var_sys_ajp_val_statut_comp1,<Value> / <Value> Hz,<Value> / <Value> Hz,<Value> / <Value> Hz,<Value> / <Value> Hz,<Value> / <Value> Hz
text_var_sys_ajp_statut_comp1,<Value> : PW : Statut compresseur 1,<Value> : PW : Statut compresseur 1,<Value> : PW : Statut compresseur 1,<Value> : PW : Statut compresseur 1,<Value> : PW : Statut compresseur 1
__SingleUse_X8OS,Non,New Text,New Text,New Text,New Text
__SingleUse_5IW5,0,New Text,New Text,New Text,New Text
__SingleUse_5UGE,0,New Text,New Text,New Text,New Text
__SingleUse_62TF,45.0,New Text,New Text,New Text,New Text
__SingleUse_9KAC,45.0,New Text,New Text,New Text,New Text
__SingleUse_Y15K,0,New Text,New Text,New Text,New Text
__SingleUse_IF42,Off,New Text,New Text,New Text,New Text
__SingleUse_3VMP,Off,New Text,New Text,New Text,New Text
__SingleUse_J2UR,Off,New Text,New Text,New Text,New Text
__SingleUse_VNR4,Off,New Text,New Text,New Text,New Text
__SingleUse_F70J,Off,New Text,New Text,New Text,New Text
__SingleUse_3OE8,0.0,New Text,New Text,New Text,New Text
__SingleUse_M52Y,45.0,New Text,New Text,New Text,New Text
__SingleUse_Z8T5,323,New Text,New Text,New Text,New Text
__SingleUse_VKWJ,76,New Text,New Text,New Text,New Text
__SingleUse_OEEB,139,New Text,New Text,New Text,New Text
__SingleUse_DXK2,,New Text,New Text,New Text,New Text
__SingleUse_4XZ2,0,New Text,New Text,New Text,New Text
text_var_sys_geo_val_press_temp_hp,<Value> bar / <Value>,<Value> bar / <Value>,<Value> bar / <Value>,<Value> bar / <Value>,<Value> bar / <Value>
text_var_sys_geo_vide_5,<Value> : ,<Value> : ,<Value> : ,<Value> : ,<Value> : 
__SingleUse_SF46,Off,New Text,New Text,New Text,New Text
text_var_sys_geo_val_out_led_verte,<Value>,<Value>,<Value>,<Value>,<Value>
text_var_sys_geo_out_led_verte,<Value> : GEO : Sortie LED verte,<Value> : GEO : Sortie LED verte,<Value> : GEO : Sortie LED verte,<Value> : GEO : Sortie LED verte,<Value> : GEO : Sortie LED verte
__SingleUse_3035,Off,New Text,New Text,New Text,New Text
text_var_sys_geo_val_out_led_defaut,<Value>,<Value>,<Value>,<Value>,<Value>
text_var_sys_geo_out_led_defaut,<Value> : GEO : Sortie LED défaut,<Value> : GEO : Sortie LED défaut,<Value> : GEO : Sortie LED défaut,<Value> : GEO : Sortie LED défaut,<Value> : GEO : Sortie LED défaut
__SingleUse_C7CM,Off,New Text,New Text,New Text,New Text
text_var_sys_geo_val_out_relais_spare2,<Value>,<Value>,<Value>,<Value>,<Value>
text_var_sys_geo_out_relais_spare2,<Value> : GEO : Sortie relais spare 2,<Value> : GEO : Sortie relais spare 2,<Value> : GEO : Sortie relais spare 2,<Value> : GEO : Sortie relais spare 2,<Value> : GEO : Sortie relais spare 2
__SingleUse_ZY97,Off,New Text,New Text,New Text,New Text
text_var_sys_geo_val_out_relais_spare1,<Value>,<Value>,<Value>,<Value>,<Value>
text_var_sys_geo_out_relais_spare1,<Value> : GEO : Sortie relais spare 1,<Value> : GEO : Sortie relais spare 1,<Value> : GEO : Sortie relais spare 1,<Value> : GEO : Sortie relais spare 1,<Value> : GEO : Sortie relais spare 1
__SingleUse_VCE3,On,New Text,New Text,New Text,New Text
text_var_sys_geo_val_out_relais_comp2,<Value>,<Value>,<Value>,<Value>,<Value>
text_var_sys_geo_out_relais_comp2,<Value> : GEO : Sortie relais compresseur 2,<Value> : GEO : Sortie relais compresseur 2,<Value> : GEO : Sortie relais compresseur 2,<Value> : GEO : Sortie relais compresseur 2,<Value> : GEO : Sortie relais compresseur 2
__SingleUse_PM2R,On,New Text,New Text,New Text,New Text
text_var_sys_geo_val_out_relais_comp1,<Value>,<Value>,<Value>,<Value>,<Value>
text_var_sys_geo_out_relais_comp1,<Value> : GEO : Sortie relais compresseur 1,<Value> : GEO : Sortie relais compresseur 1,<Value> : GEO : Sortie relais compresseur 1,<Value> : GEO : Sortie relais compresseur 1,<Value> : GEO : Sortie relais compresseur 1
__SingleUse_5DAC,Off,New Text,New Text,New Text,New Text
text_var_sys_geo_val_out_relais_puits,<Value>,<Value>,<Value>,<Value>,<Value>
text_var_sys_geo_out_relais_puits,<Value> : GEO : Sortie relais pompe de puits,<Value> : GEO : Sortie relais pompe de puits,<Value> : GEO : Sortie relais pompe de puits,<Value> : GEO : Sortie relais pompe de puits,<Value> : GEO : Sortie relais pompe de puits
__SingleUse_G0XT,On,New Text,New Text,New Text,New Text
text_var_sys_geo_val_out_relais_v4v,<Value>,<Value>,<Value>,<Value>,<Value>
text_var_sys_geo_out_relais_v4v,<Value> : GEO : Sortie relais V4V,<Value> : GEO : Sortie relais V4V,<Value> : GEO : Sortie relais V4V,<Value> : GEO : Sortie relais V4V,<Value> : GEO : Sortie relais V4V
__SingleUse_ZJI8,0,New Text,New Text,New Text,New Text
__SingleUse_U3VF,On - 80,New Text,New Text,New Text,New Text
text_var_sys_geo_val_out_circ_capt,<Value>% / <Value>%,<Value>% / <Value>%,<Value>% / <Value>%,<Value>% / <Value>%,<Value>% / <Value>%
text_var_sys_geo_out_circ_capt,<Value> : GEO : Sortie circulateur captage / Puissance,<Value> : GEO : Sortie circulateur captage / Puissance,<Value> : GEO : Sortie circulateur captage / Puissance,<Value> : GEO : Sortie circulateur captage / Puissance,<Value> : GEO : Sortie circulateur captage / Puissance
__SingleUse_0CVD,0,New Text,New Text,New Text,New Text
__SingleUse_C5PI,On - 80,New Text,New Text,New Text,New Text
text_var_sys_geo_val_out_circ_prim,<Value>% / <Value>%,<Value>% / <Value>%,<Value>% / <Value>%,<Value>% / <Value>%,<Value>% / <Value>%
text_var_sys_geo_out_circ_prim,<Value> : GEO : Sortie circulateur primaire / Puissance,<Value> : GEO : Sortie circulateur primaire / Puissance,<Value> : GEO : Sortie circulateur primaire / Puissance,<Value> : GEO : Sortie circulateur primaire / Puissance,<Value> : GEO : Sortie circulateur primaire / Puissance
text_var_sys_geo_vide_4,<Value> :,<Value> :,<Value> :,<Value> :,<Value> :
__SingleUse_JJJN,Off,New Text,New Text,New Text,New Text
__SingleUse_8LK6,Off,New Text,New Text,New Text,New Text
__SingleUse_9B40,On,New Text,New Text,New Text,New Text
__SingleUse_O8EC,On,New Text,New Text,New Text,New Text
text_var_sys_geo_in_dem_pro_2,<Value> : GEO : Entrée TOR démarreur C2,<Value> : GEO : Entrée TOR démarreur C2,<Value> : GEO : Entrée TOR démarreur C2,<Value> : GEO : Entrée TOR démarreur C2,<Value> : GEO : Entrée TOR démarreur C2
text_var_sys_geo_in_dem_pro_1,<Value> : GEO : Entrée TOR démarreur C1,<Value> : GEO : Entrée TOR démarreur C1,<Value> : GEO : Entrée TOR démarreur C1,<Value> : GEO : Entrée TOR démarreur C1,<Value> : GEO : Entrée TOR démarreur C1
text_var_sys_geo_val_in_secu_hp,<Value>,<Value>,<Value>,<Value>,<Value>
text_var_sys_geo_in_secu_hp,<Value> : GEO : Entrée TOR pressostat HP,<Value> : GEO : Entrée TOR pressostat HP,<Value> : GEO : Entrée TOR pressostat HP,<Value> : GEO : Entrée TOR pressostat HP,<Value> : GEO : Entrée TOR pressostat HP
text_var_sys_geo_val_in_tor_puits,<Value>,<Value>,<Value>,<Value>,<Value>
text_var_sys_geo_in_tor_puits,<Value> : GEO : Entrée TOR puits,<Value> : GEO : Entrée TOR puits,<Value> : GEO : Entrée TOR puits,<Value> : GEO : Entrée TOR puits,<Value> : GEO : Entrée TOR puits
text_var_sys_geo_vide_3,<Value> :,<Value> :,<Value> :,<Value> :,<Value> :
text_var_sys_geo_val_temp_cond,<Value>,<Value>,<Value>,<Value>,<Value>
text_var_sys_geo_temp_cond,<Value> : GEO : Température sortie condenseur,<Value> : GEO : Température sortie condenseur,<Value> : GEO : Température sortie condenseur,<Value> : GEO : Température sortie condenseur,<Value> : GEO : Température sortie condenseur
text_var_sys_geo_val_temp_bp2,<Value>,<Value>,<Value>,<Value>,<Value>
text_var_sys_geo_temp_bp2,<Value> : GEO : Température BP2,<Value> : GEO : Température BP2,<Value> : GEO : Température BP2,<Value> : GEO : Température BP2,<Value> : GEO : Température BP2
text_var_sys_geo_val_temp_bp1,<Value>,<Value>,<Value>,<Value>,<Value>
text_var_sys_geo_temp_bp1,<Value> : GEO : Température BP1,<Value> : GEO : Température BP1,<Value> : GEO : Température BP1,<Value> : GEO : Température BP1,<Value> : GEO : Température BP1
text_var_sys_geo_val_temp_hp2,<Value>,<Value>,<Value>,<Value>,<Value>
text_var_sys_geo_temp_hp2,<Value> : GEO : Température HP2,<Value> : GEO : Température HP2,<Value> : GEO : Température HP2,<Value> : GEO : Température HP2,<Value> : GEO : Température HP2
text_var_sys_geo_val_temp_hp1,<Value>,<Value>,<Value>,<Value>,<Value>
text_var_sys_geo_temp_hp1,<Value> : GEO : Température HP1,<Value> : GEO : Température HP1,<Value> : GEO : Température HP1,<Value> : GEO : Température HP1,<Value> : GEO : Température HP1
__SingleUse_LFB6,66,New Text,New Text,New Text,New Text
__SingleUse_A6L7,1.2113,New Text,New Text,New Text,New Text
text_var_sys_geo_val_coef_poly_cible,<Value> / <Value>,<Value> / <Value>,<Value> / <Value>,<Value> / <Value>,<Value> / <Value>
text_var_sys_geo_coef_poly_cible,<Value> : GEO : Coef. poly / T°C HP cible,<Value> : GEO : Coef. poly / T°C HP cible,<Value> : GEO : Coef. poly / T°C HP cible,<Value> : GEO : Coef. poly / T°C HP cible,<Value> : GEO : Coef. poly / T°C HP cible
text_var_sys_geo_vide_2,<Value> :,<Value> :,<Value> :,<Value> :,<Value> :
__SingleUse_UBEF,0,New Text,New Text,New Text,New Text
__SingleUse_61GK,255,New Text,New Text,New Text,New Text
text_var_sys_geo_val_pos_eev_spare,<Value> / <Value>,<Value> / <Value>,<Value> / <Value>,<Value> / <Value>,<Value> / <Value>
text_var_sys_geo_pos_eev_spare,<Value> : GEO : Position des détendeurs Evap / Spare,<Value> : GEO : Position des détendeurs Evap / Spare,<Value> : GEO : Position des détendeurs Evap / Spare,<Value> : GEO : Position des détendeurs Evap / Spare,<Value> : GEO : Position des détendeurs Evap / Spare
text_var_sys_geo_val_press_temp_bp,<Value> bar / <Value>,<Value> bar / <Value>,<Value> bar / <Value>,<Value> bar / <Value>,<Value> bar / <Value>
text_var_sys_geo_press_temp_bp,<Value> : GEO : Pression / Température TSH (BP),<Value> : GEO : Pression / Température TSH (BP),<Value> : GEO : Pression / Température TSH (BP),<Value> : GEO : Pression / Température TSH (BP),<Value> : GEO : Pression / Température TSH (BP)
text_var_sys_geo_press_temp_hp,<Value> : GEO : Pression / Température TDS (HP),<Value> : GEO : Pression / Température TDS (HP),<Value> : GEO : Pression / Température TDS (HP),<Value> : GEO : Pression / Température TDS (HP),<Value> : GEO : Pression / Température TDS (HP)
text_var_sys_val_temp_captage_puits,<Value> / <Value>,<Value> / <Value>,<Value> / <Value>,<Value> / <Value>,<Value> / <Value>
text_var_sys_geo_temp_captage_puits,<Value> : GEO : Température captage-puits S / E,<Value> : GEO : Température captage-puits S / E,<Value> : GEO : Température captage-puits S / E,<Value> : GEO : Température captage-puits S / E,<Value> : GEO : Température captage-puits S / E
__SingleUse_5QHQ,2350,New Text,New Text,New Text,New Text
text_var_sys_geo_val_debit_captage,<Value> l/h,<Value> l/h,<Value> l/h,<Value> l/h,<Value> l/h
text_var_sys_geo_debit_captage,<Value> : GEO : Débit de captage,<Value> : GEO : Débit de captage,<Value> : GEO : Débit de captage,<Value> : GEO : Débit de captage,<Value> : GEO : Débit de captage
__SingleUse_3AX4,"1,8",New Text,New Text,New Text,New Text
text_var_sys_geo_val_pression_captage,<Value> bar,<Value> bar,<Value> bar,<Value> bar,<Value> bar
text_var_sys_geo_pression_captage,<Value> : GEO : Pression de captage,<Value> : GEO : Pression de captage,<Value> : GEO : Pression de captage,<Value> : GEO : Pression de captage,<Value> : GEO : Pression de captage
__SingleUse_X8KF,9,New Text,New Text,New Text,New Text
__SingleUse_D5SJ,7,New Text,New Text,New Text,New Text
text_var_sys_geo_val_nb_cycle_comp_1_2,<Value> / <Value>,<Value> / <Value>,<Value> / <Value>,<Value> / <Value>,<Value> / <Value>
text_var_sys_geo_nb_cycle_comp_1_2,<Value> : GEO : Nombre de cycle compresseur 1 et 2,<Value> : GEO : Nombre de cycle compresseur 1 et 2,<Value> : GEO : Nombre de cycle compresseur 1 et 2,<Value> : GEO : Nombre de cycle compresseur 1 et 2,<Value> : GEO : Nombre de cycle compresseur 1 et 2
__SingleUse_GHUK,127,New Text,New Text,New Text,New Text
__SingleUse_SAIX,125,New Text,New Text,New Text,New Text
text_var_sys_geo_val_temps_fct_comp_1_2,<Value> / <Value> h,<Value> / <Value> h,<Value> / <Value> h,<Value> / <Value> h,<Value> / <Value> h
text_var_sys_temps_fct_comp_1_2,<Value> : GEO : Temps fonctionnement compresseur 1 et 2,<Value> : GEO : Temps fonctionnement compresseur 1 et 2,<Value> : GEO : Temps fonctionnement compresseur 1 et 2,<Value> : GEO : Temps fonctionnement compresseur 1 et 2,<Value> : GEO : Temps fonctionnement compresseur 1 et 2
__SingleUse_BUG1,Off,New Text,New Text,New Text,New Text
__SingleUse_SA58,Off,New Text,New Text,New Text,New Text
text_var_sys_val_statut_comp_1_2,<Value> / <Value>,<Value> / <Value>,<Value> / <Value>,<Value> / <Value>,<Value> / <Value>
text_var_sys_geo_statut_comp_1_2,<Value> : GEO : Statut compresseur 1 et 2,<Value> : GEO : Statut compresseur 1 et 2,<Value> : GEO : Statut compresseur 1 et 2,<Value> : GEO : Statut compresseur 1 et 2,<Value> : GEO : Statut compresseur 1 et 2
__SingleUse_BAHQ,Non,New Text,New Text,New Text,New Text
text_var_sys_geo_defaut_comp_2,<Value> : GEO : Défaut compresseur 2,<Value> : GEO : Défaut compresseur 2,<Value> : GEO : Défaut compresseur 2,<Value> : GEO : Défaut compresseur 2,<Value> : GEO : Défaut compresseur 2
__SingleUse_FZGS,Non,New Text,New Text,New Text,New Text
text_var_sys_geo_defaut_comp_1,<Value> : GEO : Défaut compresseur 1,<Value> : GEO : Défaut compresseur 1,<Value> : GEO : Défaut compresseur 1,<Value> : GEO : Défaut compresseur 1,<Value> : GEO : Défaut compresseur 1
__SingleUse_HCB4,Non,New Text,New Text,New Text,New Text
text_var_sys_limitation_pw_ecs,<Value> : Limitation PW à 50% en mode ECS,<Value> : Limitation PW à 50% en mode ECS,<Value> : Limitation PW à 50% en mode ECS,<Value> : Limitation PW à 50% en mode ECS,<Value> : Limitation PW à 50% en mode ECS
__SingleUse_GWMI,Non,New Text,New Text,New Text,New Text
text_var_sys_geo_limitation_pw_froid,<Value> : Limitation PW à 50% en mode froid,<Value> : Limitation PW à 50% en mode froid,<Value> : Limitation PW à 50% en mode froid,<Value> : Limitation PW à 50% en mode froid,<Value> : Limitation PW à 50% en mode froid
__SingleUse_F5UI,Non,New Text,New Text,New Text,New Text
text_var_sys_geo_cycle_retour_huile,<Value> : GEO : Cycle retour d'huile,<Value> : GEO : Cycle retour d'huile,<Value> : GEO : Cycle retour d'huile,<Value> : GEO : Cycle retour d'huile,<Value> : GEO : Cycle retour d'huile
__SingleUse_M49J,Non,New Text,New Text,New Text,New Text
text_var_sys_geo_val_statut_pac,New Text,New Text,New Text,New Text,New Text
text_var_sys_geo_statut_pac,<Value> : GEO : Statut PAC OK,<Value> : GEO : Statut PAC OK,<Value> : GEO : Statut PAC OK,<Value> : GEO : Statut PAC OK,<Value> : GEO : Statut PAC OK
text_var_sys_dem_pro,<Value> : GEO : Démarreur progressif,<Value> : GEO : Démarreur progressif,<Value> : GEO : Démarreur progressif,<Value> : GEO : Démarreur progressif,<Value> : GEO : Démarreur progressif
__SingleUse_F2X3,1,New Text,New Text,New Text,New Text
text_var_sys_val_alimentation,<Value>,<Value>~,<Value>~,<Value>~,<Value>~
text_var_sys_geo_alimentation,<Value> : GEO : Alimentation,<Value> : GEO : Alimentation,<Value> : GEO : Alimentation,<Value> : GEO : Alimentation,<Value> : GEO : Alimentation
__SingleUse_ZTJ9,Capteur,New Text,New Text,New Text,New Text
__SingleUse_W56Y,Non,New Text,New Text,New Text,New Text
text_var_sys_geo_reversible,<Value> : GEO : Reversible,<Value> : GEO : Reversible,<Value> : GEO : Reversible,<Value> : GEO : Reversible,<Value> : GEO : Reversible
__SingleUse_1LRT,2,New Text,New Text,New Text,New Text
text_var_sys_val_nb_comp,<Value>,<Value>,<Value>,<Value>,<Value>
text_var_sys_geo_nb_comp,<Value> : GEO : Nb Compresseur,<Value> : GEO : Nb Compresseur,<Value> : GEO : Nb Compresseur,<Value> : GEO : Nb Compresseur,<Value> : GEO : Nb Compresseur
__SingleUse_592G,14,New Text,New Text,New Text,New Text
text_var_sys_geo_val_pw_restituee,<Value> KW,<Value> Kw,<Value> Kw,<Value> Kw,<Value> Kw
text_var_sys_geo_pw_rest,<Value> : GEO : PW GEO,<Value> : GEO : PW GEO,<Value> : GEO : PW GEO,<Value> : GEO : PW GEO,<Value> : GEO : PW GEO
__SingleUse_ARTK,NA,New Text,New Text,New Text,New Text
text_var_sys_geo_val_vitesse_upompe_puits,<Value>,<Value>,<Value>,<Value>,<Value>
__SingleUse_QBAD,1546,New Text,New Text,New Text,New Text
text_var_sys_geo_val_pw_captee_inst,<Value> W,<Value> W,<Value> W,<Value> W,<Value> W
text_var_sys_geo_pw_captee_inst,<Value> : GEO : PW captée instantannée,<Value> : GEO : PW captée instantannée,<Value> : GEO : PW captée instantannée,<Value> : GEO : PW captée instantannée,<Value> : GEO : PW captée instantannée
text_var_sys_geo_vitesse_puits,<Value> : GEO : Vitesse pompe de puits,<Value> : GEO : Vitesse pompe de puits,<Value> : GEO : Vitesse pompe de puits,<Value> : GEO : Vitesse pompe de puits,<Value> : GEO : Vitesse pompe de puits
__SingleUse_MAWM,Marche forcée,New Text,New Text,New Text,New Text
__SingleUse_YL3S,Non,New Text,New Text,New Text,New Text
ext_var_sys_geo_circ_capt_gestion,<Value> : GEO : Circulateur captage : Forcé/Gestion,<Value> : GEO : Circulateur captage : Forcé/Gestion,<Value> : GEO : Circulateur captage : Forcé/Gestion,<Value> : GEO : Circulateur captage : Forcé/Gestion,<Value> : GEO : Circulateur captage : Forcé/Gestion
__SingleUse_X6PO,Marche forcée,New Text,New Text,New Text,New Text
__SingleUse_Q0E4,Non,New Text,New Text,New Text,New Text
text_var_sys_val_circulateur,<Value> / <Value>,<Value> / <Value>,<Value> / <Value>,<Value> / <Value>,<Value> / <Value>
__SingleUse_S0WR,,New Text,New Text,New Text,New Text
text_var_sys_geo_circ_prim_gestion,<Value> : GEO : Circulateur primaire : Forcé/Gestion,<Value> : GEO : Circulateur primaire : Forcé/Gestion,<Value> : GEO : Circulateur primaire : Forcé/Gestion,<Value> : GEO : Circulateur primaire : Forcé/Gestion,<Value> : GEO : Circulateur primaire : Forcé/Gestion
text_var_sys_geo_freecool,<Value> : GEO : Option freecooling,<Value> : GEO : Option freecooling,<Value> : GEO : Option freecooling,<Value> : GEO : Option freecooling,<Value> : GEO : Option freecooling
text_var_sys_geo_type_captage,<Value> : GEO : Type de captage,<Value> : GEO : Type de captage,<Value> : GEO : Type de captage,<Value> : GEO : Type de captage,<Value> : GEO : Type de captage
text_var_sys_geo_vide,<Value> : ,<Value>,<Value>,<Value>,<Value>
__SingleUse_PMVY,00000000,New Text,New Text,New Text,New Text
text_var_sys_geo_val_cfg_switch,<Value>,<Value>,<Value>,<Value>,<Value>
text_var_sys_geo_config_switch,<Value> : GEO : Config switch SW1 et SW2,<Value> : GEO : Config switch SW1 et SW2,<Value> : GEO : Config switch SW1 et SW2,<Value> : GEO : Config switch SW1 et SW2,<Value> : GEO : Config switch SW1 et SW2
__SingleUse_3E56,<Value> : Surchauffe au refoulement (Shd=TH4-T63HS),<Value> : Température de condensation / Pression (SHd),<Value> : Température de condensation / Pression (SHd),<Value> : Température de condensation / Pression (SHd),<Value> : Température de condensation / Pression (SHd)
__SingleUse_178Y,<Value> : Température liquide TH32,<Value> : Marche arrêt général,<Value> : Marche arrêt général,<Value> : Marche arrêt général,<Value> : Marche arrêt général
text_var_sys_defrost_zuba,Dégivrage,New Text,New Text,New Text,New Text
text_var_sys_raf_zuba,Rafraîchissement,New Text,New Text,New Text,New Text
text_var_sys_chaud_zuba,Chaud,New Text,New Text,New Text,New Text
text_var_sys_arret_zuba,Arrêt,New Text,New Text,New Text,New Text
__SingleUse_XL77,<Value> : Accès au Mode Commande,<Value> : Code erreur PAC,<Value> : Code erreur PAC,<Value> : Code erreur PAC,<Value> : Code erreur PAC
__SingleUse_MJO8,<Value>,<Value>dB,<Value>dB,<Value>dB,<Value>dB
__SingleUse_JXAA,<Value> : ,<Value> : Sonde départ primaire (Mitsu),<Value> : Sonde départ primaire (Mitsu),<Value> : Sonde départ primaire (Mitsu),<Value> : Sonde départ primaire (Mitsu)
__SingleUse_RJF2,<Value> tr/mn,<Value>°C,<Value>°C,<Value>°C,<Value>°C
__SingleUse_TP3C,<Value> : Vitesse ventilateur N 1,<Value> : Ventilateur,<Value> : Ventilateur,<Value> : Ventilateur,<Value> : Ventilateur
__SingleUse_WB20,<value> : Détendeur (LEV C),<value> : Détendeur,<value> : Détendeur,<value> : Détendeur,<value> : Détendeur
__SingleUse_Q5K0,<value> : Détendeur (LEV B),<value> : Détendeur,<value> : Détendeur,<value> : Détendeur,<value> : Détendeur
__SingleUse_RBVS,<value>,New Text<value>,New Text<value>,New Text<value>,New Text<value>
__SingleUse_82VJ,<value> : Détendeur (LEV A),<value> : Détendeur,<value> : Détendeur,<value> : Détendeur,<value> : Détendeur
__SingleUse_WYI5,<value>,New Text<value>,New Text<value>,New Text<value>,New Text<value>
__SingleUse_SIN2,<Value> :,<Value> : Marche arrêt général,<Value> : Marche arrêt général,<Value> : Marche arrêt général,<Value> : Marche arrêt général
__SingleUse_RKXP,<Value> :,<Value> : Marche arrêt général,<Value> : Marche arrêt général,<Value> : Marche arrêt général,<Value> : Marche arrêt général
__SingleUse_N8HQ,<value>,New Text<value>,New Text<value>,New Text<value>,New Text<value>
__SingleUse_FXB4,<Value> : ,<Value> : Température d'eau départ groupe ,<Value> : Température d'eau départ groupe ,<Value> : Température d'eau départ groupe ,<Value> : Température d'eau départ groupe 
__SingleUse_9OZ0,<Value>,<Value>dB,<Value>dB,<Value>dB,<Value>dB
__SingleUse_0HE8,<Value>,<Value>,<Value>,<Value>,<Value>
__SingleUse_98VB,<Value>,<Value>°C,<Value>°C,<Value>°C,<Value>°C
__SingleUse_SLWA,<Value>,<Value>°C,<Value>°C,<Value>°C,<Value>°C
__SingleUse_GHYH,<Value>,New Text<value>,New Text<value>,New Text<value>,New Text<value>
__SingleUse_G62S,<Value>,<Value>,<Value>,<Value>,<Value>
__SingleUse_DOQO,<Value>,<Value>,<Value>,<Value>,<Value>
__SingleUse_DF0T,<Value> : Vitesse ventilateur N 2,<Value> : Marche arrêt général,<Value> : Marche arrêt général,<Value> : Marche arrêt général,<Value> : Marche arrêt général
__SingleUse_5B3G,<Value> tr/mn,<Value>°C,<Value>°C,<Value>°C,<Value>°C
__SingleUse_2QPM,<Value>,<Value>dB,<Value>dB,<Value>dB,<Value>dB
__SingleUse_EYOW,<Value>,<Value>,<Value>,<Value>,<Value>
__SingleUse_8LNU,<Value>,<Value>°C,<Value>°C,<Value>°C,<Value>°C
__SingleUse_LY97,<Value> :,<Value> : Marche arrêt général,<Value> : Marche arrêt général,<Value> : Marche arrêt général,<Value> : Marche arrêt général
__SingleUse_HOSM,<value>,New Text<value>,New Text<value>,New Text<value>,New Text<value>
__SingleUse_067C,<value>,New Text<value>,New Text<value>,New Text<value>,New Text<value>
__SingleUse_YDYK,<Value> : Surchauffe au refoulement (SHd),<Value> : Température de condensation / Pression (SHd),<Value> : Température de condensation / Pression (SHd),<Value> : Température de condensation / Pression (SHd),<Value> : Température de condensation / Pression (SHd)
__SingleUse_OW9C,<Value> : Température liquide TH34,<Value> : Marche arrêt général,<Value> : Marche arrêt général,<Value> : Marche arrêt général,<Value> : Marche arrêt général
__SingleUse_OB42,<value>,New Text<value>,New Text<value>,New Text<value>,New Text<value>
__SingleUse_4XF2,<Value> : Température aspiration compresseur (TH32),<Value> : Température de condensation / Pression (SHd),<Value> : Température de condensation / Pression (SHd),<Value> : Température de condensation / Pression (SHd),<Value> : Température de condensation / Pression (SHd)
__SingleUse_0ZQ1,<value>,New Text<value>,New Text<value>,New Text<value>,New Text<value>
__SingleUse_02VZ,<Value> : Température entrée évaporateur (TH3),<Value> : Température de condensation / Pression (SHd),<Value> : Température de condensation / Pression (SHd),<Value> : Température de condensation / Pression (SHd),<Value> : Température de condensation / Pression (SHd)
__SingleUse_Q8Z0,<value>,New Text<value>,New Text<value>,New Text<value>,New Text<value>
__SingleUse_K39T,<Value> : Température évaporation (Temp milieu évap.) (TH6),<Value> : Température de condensation / Pression (SHd),<Value> : Température de condensation / Pression (SHd),<Value> : Température de condensation / Pression (SHd),<Value> : Température de condensation / Pression (SHd)
__SingleUse_6TN3,<value>,New Text<value>,New Text<value>,New Text<value>,New Text<value>
__SingleUse_F64A,<Value> : Température de refoulement compresseur (TH4),<Value> : Température de condensation / Pression (SHd),<Value> : Température de condensation / Pression (SHd),<Value> : Température de condensation / Pression (SHd),<Value> : Température de condensation / Pression (SHd)
__SingleUse_7IG5,<value> / <value> bar,New Text<value><value>,New Text<value><value>,New Text<value><value>,New Text<value><value>
__SingleUse_FYTQ,<Value> : Température de condensation / Pression,<Value> : Température de condensation / Pression (SHd),<Value> : Température de condensation / Pression (SHd),<Value> : Température de condensation / Pression (SHd),<Value> : Température de condensation / Pression (SHd)
__SingleUse_YG7F,<Value> :,<Value> : Marche arrêt général,<Value> : Marche arrêt général,<Value> : Marche arrêt général,<Value> : Marche arrêt général
__SingleUse_77GV,<Value> A,<Value>,<Value>,<Value>,<Value>
__SingleUse_KP1R,<Value> V,<Value>°C,<Value>°C,<Value>°C,<Value>°C
__SingleUse_1AUD,<Value>,<Value>°C,<Value>°C,<Value>°C,<Value>°C
__SingleUse_85AJ,<Value> H,<Value>°C,<Value>°C,<Value>°C,<Value>°C
__SingleUse_77P2,<Value> H,<Value>°C,<Value>°C,<Value>°C,<Value>°C
__SingleUse_BN75,<Value>,<Value>dB,<Value>dB,<Value>dB,<Value>dB
__SingleUse_ZL4G,<Value> / <Value> Hz,<Value> / <Value>,<Value> / <Value>,<Value> / <Value>,<Value> / <Value>
__SingleUse_WW0P,<Value>,<Value>°C,<Value>°C,<Value>°C,<Value>°C
__SingleUse_SWYW,<Value> : Surchauffe au refoulement (SHd),<Value> : Température de condensation / Pression (SHd),<Value> : Température de condensation / Pression (SHd),<Value> : Température de condensation / Pression (SHd),<Value> : Température de condensation / Pression (SHd)
__SingleUse_XTV8,<Value> : Température radiateur driver (RT64),<Value> : Température de condensation / Pression (SHd),<Value> : Température de condensation / Pression (SHd),<Value> : Température de condensation / Pression (SHd),<Value> : Température de condensation / Pression (SHd)
__SingleUse_5TUQ,<Value> : Température liquide,<Value> : Température de condensation / Pression (SHd),<Value> : Température de condensation / Pression (SHd),<Value> : Température de condensation / Pression (SHd),<Value> : Température de condensation / Pression (SHd)
__SingleUse_EO6U,<Value> : Température entrée évaporateur (RT61),<Value> : Température de condensation / Pression (SHd),<Value> : Température de condensation / Pression (SHd),<Value> : Température de condensation / Pression (SHd),<Value> : Température de condensation / Pression (SHd)
__SingleUse_1I0M,<Value> : Température de refoulement compresseur (RT62),<Value> : Température de condensation / Pression (SHd),<Value> : Température de condensation / Pression (SHd),<Value> : Température de condensation / Pression (SHd),<Value> : Température de condensation / Pression (SHd)
__SingleUse_AGV0,<Value> : Température de condensation / Pression,<Value> : Température de condensation / Pression (SHd),<Value> : Température de condensation / Pression (SHd),<Value> : Température de condensation / Pression (SHd),<Value> : Température de condensation / Pression (SHd)
__SingleUse_X8QT,<value>,New Text<value>,New Text<value>,New Text<value>,New Text<value>
__SingleUse_EWFU,<Value> :,<Value> : Marche arrêt général,<Value> : Marche arrêt général,<Value> : Marche arrêt général,<Value> : Marche arrêt général
__SingleUse_QE3D,<value>,New Text<value>,New Text<value>,New Text<value>,New Text<value>
__SingleUse_DGBR,<value>,New Text<value>,New Text<value>,New Text<value>,New Text<value>
__SingleUse_Y88E,<value>,New Text<value>,New Text<value>,New Text<value>,New Text<value>
__SingleUse_X5ZY,<value>,New Text<value>,New Text<value>,New Text<value>,New Text<value>
__SingleUse_BDLR,<Value> :,<Value> : Marche arrêt général,<Value> : Marche arrêt général,<Value> : Marche arrêt général,<Value> : Marche arrêt général
__SingleUse_4V3F,<Value> :,<Value> : Marche arrêt général,<Value> : Marche arrêt général,<Value> : Marche arrêt général,<Value> : Marche arrêt général
__SingleUse_J22X,<Value> :,<Value> : Marche arrêt général,<Value> : Marche arrêt général,<Value> : Marche arrêt général,<Value> : Marche arrêt général
text_var_sys_ventilateur_on_off,<Value> : Ventilateur ON/OFF,<Value> : Ventilateur ON/OFF,<Value> : Ventilateur ON/OFF,<Value> : Ventilateur ON/OFF,<Value> : Ventilateur ON/OFF
text_var_sys_freq_comp_cible,<Value> : Fréquence compresseur cible,<Value> : Fréquence compresseur cible,<Value> : Fréquence compresseur cible,<Value> : Fréquence compresseur cible,<Value> : Fréquence compresseur cible
__SingleUse_EGJC,<Value> : ,<Value> : Température d'eau départ groupe ,<Value> : Température d'eau départ groupe ,<Value> : Température d'eau départ groupe ,<Value> : Température d'eau départ groupe 
__SingleUse_CV76,<Value>,<Value>dB,<Value>dB,<Value>dB,<Value>dB
__SingleUse_VQ0L,<Value>,<Value>,<Value>,<Value>,<Value>
__SingleUse_4QBD,<Value>,<Value>°C,<Value>°C,<Value>°C,<Value>°C
__SingleUse_0DH1,<Value>,<Value>°C,<Value>°C,<Value>°C,<Value>°C
__SingleUse_W31A,<Value>,New Text<value>,New Text<value>,New Text<value>,New Text<value>
__SingleUse_9D0K,<Value>,<Value>,<Value>,<Value>,<Value>
__SingleUse_3U03,<Value>,<Value>,<Value>,<Value>,<Value>
__SingleUse_1U0K,<Value> :,<Value> : Marche arrêt général,<Value> : Marche arrêt général,<Value> : Marche arrêt général,<Value> : Marche arrêt général
__SingleUse_40Y7,<Value>,<Value>,<Value>,<Value>,<Value>
__SingleUse_4IX9,<Value>,<Value>°C,<Value>°C,<Value>°C,<Value>°C
__SingleUse_UK9I,<Value> :,<Value> : Marche arrêt général,<Value> : Marche arrêt général,<Value> : Marche arrêt général,<Value> : Marche arrêt général
__SingleUse_SJPR,<Value> tr/mn,<Value>°C,<Value>°C,<Value>°C,<Value>°C
__SingleUse_FTRX,<Value>,<Value>dB,<Value>dB,<Value>dB,<Value>dB
__SingleUse_69QI,<Value>,<Value>,<Value>,<Value>,<Value>
__SingleUse_STXR,<Value>,<Value>°C,<Value>°C,<Value>°C,<Value>°C
__SingleUse_L5F5,<Value> :,<Value> : Marche arrêt général,<Value> : Marche arrêt général,<Value> : Marche arrêt général,<Value> : Marche arrêt général
__SingleUse_UKHQ,<value>,New Text<value>,New Text<value>,New Text<value>,New Text<value>
__SingleUse_PF7U,<value> / <value>  bar,New Text<value><value>,New Text<value><value>,New Text<value><value>,New Text<value><value>
__SingleUse_IL6Y,<Value> :,<Value> : Marche arrêt général,<Value> : Marche arrêt général,<Value> : Marche arrêt général,<Value> : Marche arrêt général
__SingleUse_XXRG,<Value> A,<Value>,<Value>,<Value>,<Value>
__SingleUse_VZ6B,<Value> V,<Value>°C,<Value>°C,<Value>°C,<Value>°C
__SingleUse_6XFE,<Value>,<Value>°C,<Value>°C,<Value>°C,<Value>°C
__SingleUse_E5N8,<Value> H,<Value>°C,<Value>°C,<Value>°C,<Value>°C
__SingleUse_AOTD,<Value> H,<Value>°C,<Value>°C,<Value>°C,<Value>°C
__SingleUse_PV1L,<Value>,<Value>dB,<Value>dB,<Value>dB,<Value>dB
__SingleUse_7R01,<Value> / <Value> Hz,<Value> / <Value>,<Value> / <Value>,<Value> / <Value>,<Value> / <Value>
__SingleUse_BT8Y,<Value>,<Value>°C,<Value>°C,<Value>°C,<Value>°C
__SingleUse_28DV,<Value> :,<Value> : Marche arrêt général,<Value> : Marche arrêt général,<Value> : Marche arrêt général,<Value> : Marche arrêt général
__SingleUse_ZA5S,<Value> :,<Value> : Marche arrêt général,<Value> : Marche arrêt général,<Value> : Marche arrêt général,<Value> : Marche arrêt général
__SingleUse_QTJY,<Value> H,<Value>°C,<Value>°C,<Value>°C,<Value>°C
__SingleUse_TI3B,<Value>,<Value>dB,<Value>dB,<Value>dB,<Value>dB
__SingleUse_0GQD,<Value> Hz,<Value> / ,<Value> / ,<Value> / ,<Value> / 
__SingleUse_CTIC,<Value>,<Value>°C,<Value>°C,<Value>°C,<Value>°C
__SingleUse_JKZ5,<Value>,<Value>,<Value>,<Value>,<Value>
__SingleUse_MH6Z,<Value>,<Value>°C,<Value>°C,<Value>°C,<Value>°C
__SingleUse_AHNO,<Value>,<Value>dB,<Value>dB,<Value>dB,<Value>dB
__SingleUse_18NC,<Value>,<Value>,<Value>,<Value>,<Value>
__SingleUse_9X5N,<Value>,<Value>°C,<Value>°C,<Value>°C,<Value>°C
__SingleUse_MZ7H,<Value> :,<Value> : Marche arrêt général,<Value> : Marche arrêt général,<Value> : Marche arrêt général,<Value> : Marche arrêt général
__SingleUse_HNUK,<Value> :,<Value> : Marche arrêt général,<Value> : Marche arrêt général,<Value> : Marche arrêt général,<Value> : Marche arrêt général
__SingleUse_UK13,<Value> :,<Value> : Marche arrêt général,<Value> : Marche arrêt général,<Value> : Marche arrêt général,<Value> : Marche arrêt général
__SingleUse_Z7AP,<Value> :,<Value> : Marche arrêt général,<Value> : Marche arrêt général,<Value> : Marche arrêt général,<Value> : Marche arrêt général
__SingleUse_R43E,<Value>,<Value>dB,<Value>dB,<Value>dB,<Value>dB
text_var_sys_code_erreur_pac,<Value> : Code erreur PAC,<Value> : Code erreur PAC,<Value> : Code erreur PAC,<Value> : Code erreur PAC,<Value> : Code erreur PAC
__SingleUse_V1IQ,<Value>,<Value>,<Value>,<Value>,<Value>
text_var_sys_nb_trame_inconnue,<Value> : Nombre de trame inconnue,<Value> : Nombre de trame inconnue,<Value> : Nombre de trame inconnue,<Value> : Nombre de trame inconnue,<Value> : Nombre de trame inconnue
text_var_sys_code_trame_inconnue,<Value> : Code trame inconnue,<Value> : Code trame inconnue,<Value> : Code trame inconnue,<Value> : Code trame inconnue,<Value> : Code trame inconnue
__SingleUse_BEH0,<Value>,<Value>°C,<Value>°C,<Value>°C,<Value>°C
__SingleUse_STCI,<Value>,New Text<value>,New Text<value>,New Text<value>,New Text<value>
__SingleUse_7QZR,<Value>,<Value>°C,<Value>°C,<Value>°C,<Value>°C
text_var_sys_trame_connue,<Value> : Trame connue,<Value> : Trame connue,<Value> : Trame connue,<Value> : Trame connue,<Value> : Trame connue
text_var_sys_zuba_sortie_tor_rel3,<Value> : Sortie TOR : Relais 3,<Value> : Sortie TOR : Relais 3,<Value> : Sortie TOR : Relais 3,<Value> : Sortie TOR : Relais 3,<Value> : Sortie TOR : Relais 3
text_var_sys_zuba_sortie_tor_rel2,<Value> : Sortie TOR : Relais 2,<Value> : Sortie TOR : Relais 2,<Value> : Sortie TOR : Relais 2,<Value> : Sortie TOR : Relais 2,<Value> : Sortie TOR : Relais 2
__SingleUse_0UBP,<Value>,<Value>,<Value>,<Value>,<Value>
__SingleUse_TYHJ,<Value>,<Value>,<Value>,<Value>,<Value>
text_var_sys_zuba_val_relais1,<Value>,<Value>,<Value>,<Value>,<Value>
text_var_sys_zuba_sortie_tor_rel1,<Value> : Sortie TOR : Relais 1,<Value> : Sortie TOR : Relais 1,<Value> : Sortie TOR : Relais 1,<Value> : Sortie TOR : Relais 1,<Value> : Sortie TOR : Relais 1
text_var_sys_consigne_depart_eau_mitsu,<Value> : Consigne départ eau primaire (Mitsu),<Value> : Consigne départ eau primaire (Mitsu),<Value> : Consigne départ eau primaire (Mitsu),<Value> : Consigne départ eau primaire (Mitsu),<Value> : Consigne départ eau primaire (Mitsu)
text_var_sys_depart_eau_mitsu,<Value>,<Value>,<Value>,<Value>,<Value>
text_var_sys_dep_prim_mitsu,<Value> : Sonde départ primaire (Mitsu),<Value> : Sonde départ primaire (Mitsu),<Value> : Sonde départ primaire (Mitsu),<Value> : Sonde départ primaire (Mitsu),<Value> : Sonde départ primaire (Mitsu)
text_var_sys_ventilateur,<Value> : Ventilateur,<Value> : Ventilateur,<Value> : Ventilateur,<Value> : Ventilateur,<Value> : Ventilateur
text_var_sys_nb_degivrage,<Value> : Nombre de dégivrage,<Value> : Nombre de dégivrage,<Value> : Nombre de dégivrage,<Value> : Nombre de dégivrage,<Value> : Nombre de dégivrage
text_var_sys_val_degivrage_en_cours,<Value>,<Value>,<Value>,<Value>,<Value>
text_var_sys_degivrage,<Value> : Dégivrage en cours,<Value> : Dégivrage en cours,<Value> : Dégivrage en cours,<Value> : Dégivrage en cours,<Value> : Dégivrage en cours
text_var_sys_detendeur,<value> : Détendeur,<value> : Détendeur,<value> : Détendeur,<value> : Détendeur,<value> : Détendeur
text_var_sys_sous_ref,<Value> : Sous refroidissement (SC),<Value> : Sous refroidissement (SC),<Value> : Sous refroidissement (SC),<Value> : Sous refroidissement (SC),<Value> : Sous refroidissement (SC)
text_var_sys_temp_cond_pression,<Value> : Température liquide,<Value> : Température de condensation / Pression (SHd),<Value> : Température de condensation / Pression (SHd),<Value> : Température de condensation / Pression (SHd),<Value> : Température de condensation / Pression (SHd)
text_var_sys_alim_courant_AC,<Value> : Alimentation intensité AC,<Value> : Alimentation intensité AC,<Value> : Alimentation intensité AC,<Value> : Alimentation intensité AC,<Value> : Alimentation intensité AC
text_var_sys_alim_trension_dc,<Value> : Alimentation tension DC,<Value> : Alimentation tension DC,<Value> : Alimentation tension DC,<Value> : Alimentation tension DC,<Value> : Alimentation tension DC
text_var_sys_nb_cycle_compresseur,<Value> : Nombre de cycle compresseur (x100),<Value> : Nombre de cycle compresseur (x100),<Value> : Nombre de cycle compresseur (x100),<Value> : Nombre de cycle compresseur (x100),<Value> : Nombre de cycle compresseur (x100)
text_var_sys_tps_fonct_compresseur,<Value> : Tps de fonctionnement compresseur,<Value> : Tps de fonctionnement compresseur,<Value> : Tps de fonctionnement compresseur,<Value> : Tps de fonctionnement compresseur,<Value> : Tps de fonctionnement compresseur
text_var_sys_tps_fonct_pac,<Value> : Tps de fonctionnement PAC,<Value> : Tps de fonctionnement PAC,<Value> : Tps de fonctionnement PAC,<Value> : Tps de fonctionnement PAC,<Value> : Tps de fonctionnement PAC
text_var_sys_type_capacite_pac,<Value> : Type et capacité PAC,<Value> : Type et capacité PAC,<Value> : Type et capacité PAC,<Value> : Type et capacité PAC,<Value> : Type et capacité PAC
text_var_sys_freq_comp_cible_actuel,<Value> : Fréquence compresseur cible / actuelle,<Value> : Fréquence compresseur cible / actuelle,<Value> : Fréquence compresseur cible / actuelle,<Value> : Fréquence compresseur cible / actuelle,<Value> : Fréquence compresseur cible / actuelle
text_var_sys_statut_pac,<Value> : Statut PAC,<Value> : Statut PAC,<Value> : Statut PAC,<Value> : Statut PAC,<Value> : Statut PAC
text_on_off_centre_defaut,<Value>,<Value>,<Value>,<Value>,<Value>
ext_var_sys_sonde_ecs_spare2_retour,<value> : Sonde  ECS Spare 2 (Retour),<value> : Sonde  ECS Spare 2 (Retour),<value> : Sonde  ECS Spare 2 (Retour),<value> : Sonde  ECS Spare 2 (Retour),<value> : Sonde  ECS Spare 2 (Retour)
text_var_sys_sonde_ecs_spare1_depart,<value> : Sonde  ECS Spare 1 (Départ),<value> : Sonde  ECS Spare 1 (Départ),<value> : Sonde  ECS Spare 1 (Départ),<value> : Sonde  ECS Spare 1 (Départ),<value> : Sonde  ECS Spare 1 (Départ)
text_oui_non_veille,Voulez-vous annuler la mise en veille ?,New Text,New Text,New Text,New Text
text_var_sys_cons_circ,<Value> %,<Value> %,<Value> %,<Value> %,<Value> %
text_var_sys_dde_vitesse,<Value> Hz / <Value> Rpm,<Value> Hz / <Value> Rpm,<Value> Hz / <Value> Rpm,<Value> Hz / <Value> Rpm,<Value> Hz / <Value> Rpm
__SingleUse_78NN,<Value>,<Value>°C,<Value>°C,<Value>°C,<Value>°C
text_var_sys_inv_temp_ext,<Value> : IN ANA : température extérieure,<Value> : IN ANA : température extérieure,<Value> : IN ANA : température extérieure,<Value> : IN ANA : température extérieure,<Value> : IN ANA : température extérieure
text_var_sys_inv_reduc_pw,<Value>,<Value>,<Value>,<Value>,<Value>
text_var_sys_hz_rpm,<Value> Hz / <Value> Rpm,<Value> Hz / <Value> Rpm,<Value> Hz / <Value> Rpm,<Value> Hz / <Value> Rpm,<Value> Hz / <Value> Rpm
text_var_sys_tension,<Value> V,<Value> V,<Value> V,<Value> V,<Value> V
text_var_sys_courant,<Value> A,<Value> A,<Value> A,<Value> A,<Value> A
text_var_sys_value_oui_non,<Value>,<Value>,<Value>,<Value>,<Value>
text_var_sys_inv_config_switchs,<Value> : configuration switchs :,<Value> : configuration switchs :,<Value> : configuration switchs :,<Value> : configuration switchs :,<Value> : configuration switchs :
text_var_sys_inv_sw4,<Value> : IN TOR : switch 4,<Value> : IN TOR : switch 4,<Value> : IN TOR : switch 4,<Value> : IN TOR : switch 4,<Value> : IN TOR : switch 4
text_var_sys_inv_sw3,<Value> : IN TOR : swicth 3,<Value> : IN TOR : swicth 3,<Value> : IN TOR : swicth 3,<Value> : IN TOR : swicth 3,<Value> : IN TOR : swicth 3
text_var_sys_inv_sw2,<Value> : IN TOR : switch 2,<Value> : IN TOR : switch 2,<Value> : IN TOR : switch 2,<Value> : IN TOR : switch 2,<Value> : IN TOR : switch 2
text_var_sys_inv_sw1,<Value> : IN TOR : switch 1,<Value> : IN TOR : switch 1,<Value> : IN TOR : switch 1,<Value> : IN TOR : switch 1,<Value> : IN TOR : switch 1
text_var_sys_inv_pressostat_hp2,<Value> : IN TOR : pressostat HP2,<Value> : IN TOR : pressostat HP2,<Value> : IN TOR : pressostat HP2,<Value> : IN TOR : pressostat HP2,<Value> : IN TOR : pressostat HP2
text_var_sys_inv_pressostat_hp1,<Value> : IN TOR : pressostat HP1,<Value> : IN TOR : pressostat HP1,<Value> : IN TOR : pressostat HP1,<Value> : IN TOR : pressostat HP1,<Value> : IN TOR : pressostat HP1
text_var_sys_inv_klixon_comp,<Value> : IN TOR : klixon compresseur,<Value> : IN TOR : klixon compresseur,<Value> : IN TOR : klixon compresseur,<Value> : IN TOR : klixon compresseur,<Value> : IN TOR : klixon compresseur
text_var_sys_inv_defaut_dempro2,<Value> : IN TOR : défaut démarreur progressif 2,<Value> : IN TOR : défaut démarreur progressif 2,<Value> : IN TOR : défaut démarreur progressif 2,<Value> : IN TOR : défaut démarreur progressif 2,<Value> : IN TOR : défaut démarreur progressif 2
text_var_sys_inv_defaut_dempro1,<Value> : IN TOR : défaut démarreur progressif 1,<Value> : IN TOR : défaut démarreur progressif 1,<Value> : IN TOR : défaut démarreur progressif 1,<Value> : IN TOR : défaut démarreur progressif 1,<Value> : IN TOR : défaut démarreur progressif 1
text_var_sys_inv_defaut_app3,<Value> : IN TOR : défaut appoint 3,<Value> : IN TOR : défaut appoint 3,<Value> : IN TOR : défaut appoint 3,<Value> : IN TOR : défaut appoint 3,<Value> : IN TOR : défaut appoint 3
text_var_sys_inv_defaut_app2,<Value> : IN TOR : défaut appoint 2,<Value> : IN TOR : défaut appoint 2,<Value> : IN TOR : défaut appoint 2,<Value> : IN TOR : défaut appoint 2,<Value> : IN TOR : défaut appoint 2
text_var_sys_inv_defaut_app1,<Value> : IN TOR : défaut appoint 1,<Value> : IN TOR : défaut appoint 1,<Value> : IN TOR : défaut appoint 1,<Value> : IN TOR : défaut appoint 1,<Value> : IN TOR : défaut appoint 1
text_var_sys_inv_in_tor_debit_puits,<Value> : IN TOR : débistat puits,<Value> : IN TOR : débistat puits,<Value> : IN TOR : débistat puits,<Value> : IN TOR : débistat puits,<Value> : IN TOR : débistat puits
text_var_sys_inv_in_tor,<Value> : IN TOR,<Value> : IN TOR,<Value> : IN TOR,<Value> : IN TOR,<Value> : IN TOR
text_var_sys_inv_out_tor_ventil_driver,<Value> : OUT TOR : ventilateur driver,<Value> : OUT TOR : ventilateur driver,<Value> : OUT TOR : ventilateur driver,<Value> : OUT TOR : ventilateur driver,<Value> : OUT TOR : ventilateur driver
text_var_sys_inv_out_tor_v4v,<Value> : OUT TOR : V4V,<Value> : OUT TOR : V4V,<Value> : OUT TOR : V4V,<Value> : OUT TOR : V4V,<Value> : OUT TOR : V4V
text_var_sys_inv_out_tor_spare2,<Value> : OUT TOR : spare 2,<Value> : OUT TOR : spare 2,<Value> : OUT TOR : spare 2,<Value> : OUT TOR : spare 2,<Value> : OUT TOR : spare 2
text_var_sys_inv_out_tor_spare1,<Value> : OUT TOR : spare 1,<Value> : OUT TOR : spare 1,<Value> : OUT TOR : spare 1,<Value> : OUT TOR : spare 1,<Value> : OUT TOR : spare 1
text_var_sys_inv_out_tor_resist_vase,<Value> : OUT TOR : résistance vase,<Value> : OUT TOR : résistance vase,<Value> : OUT TOR : résistance vase,<Value> : OUT TOR : résistance vase,<Value> : OUT TOR : résistance vase
text_var_sys_inv_out_tor_resist_carter,<Value> : OUT TOR : résistance de carter,<Value> : OUT TOR : résistance de carter,<Value> : OUT TOR : résistance de carter,<Value> : OUT TOR : résistance de carter,<Value> : OUT TOR : résistance de carter
text_var_sys_inv_out_tor_ev_mode_froid,<Value> : OUT TOR : électrovanne mode froid,<Value> : OUT TOR : électrovanne mode froid,<Value> : OUT TOR : électrovanne mode froid,<Value> : OUT TOR : électrovanne mode froid,<Value> : OUT TOR : électrovanne mode froid
text_var_sys_inv_out_tor_puits,<Value> : OUT TOR : contact puits,<Value> : OUT TOR : contact puits,<Value> : OUT TOR : contact puits,<Value> : OUT TOR : contact puits,<Value> : OUT TOR : contact puits
text_var_sys_inv_out_tor_comp2,<Value> : OUT TOR : compresseur 2,<Value> : OUT TOR : compresseur 2,<Value> : OUT TOR : compresseur 2,<Value> : OUT TOR : compresseur 2,<Value> : OUT TOR : compresseur 2
text_var_sys_inv_out_tor_comp1,<Value> : OUT TOR : compresseur 1,<Value> : OUT TOR : compresseur 1,<Value> : OUT TOR : compresseur 1,<Value> : OUT TOR : compresseur 1,<Value> : OUT TOR : compresseur 1
text_var_sys_inv_out_tor_app23,<Value> : OUT TOR : appoint 2 / 3,<Value> : OUT TOR : appoint 2 / 3,<Value> : OUT TOR : appoint 2 / 3,<Value> : OUT TOR : appoint 2 / 3,<Value> : OUT TOR : appoint 2 / 3
text_var_sys_inv_out_tor_app1,<Value> : OUT TOR : appoint 1,<Value> : OUT TOR : appoint 1,<Value> : OUT TOR : appoint 1,<Value> : OUT TOR : appoint 1,<Value> : OUT TOR : appoint 1
text_var_sys_inv_out_tor,<Value> : OUT TOR,<Value> : OUT TOR,<Value> : OUT TOR,<Value> : OUT TOR,<Value> : OUT TOR
text_var_sys_inv_vitesse_pompe_puits,<Value> : OUT ANA : vitesse pompe de puits,<Value> : OUT ANA : vitesse pompe de puits,<Value> : OUT ANA : vitesse pompe de puits,<Value> : OUT ANA : vitesse pompe de puits,<Value> : OUT ANA : vitesse pompe de puits
text_var_sys_inv_gestion_circ_capteur,<Value> : OUT ANA : gestion circulateur capteur (forcé / gestion),<Value> : OUT ANA : gestion circulateur primaire (forcé / gestion),<Value> : OUT ANA : gestion circulateur primaire (forcé / gestion),<Value> : OUT ANA : gestion circulateur primaire (forcé / gestion),<Value> : OUT ANA : gestion circulateur primaire (forcé / gestion)
text_var_sys_inv_gestion_circ_primaire,<Value> : OUT ANA : gestion circulateur primaire (forcé / gestion),<Value> : OUT ANA : gestion circulateur primaire (forcé / gestion),<Value> : OUT ANA : gestion circulateur primaire (forcé / gestion),<Value> : OUT ANA : gestion circulateur primaire (forcé / gestion),<Value> : OUT ANA : gestion circulateur primaire (forcé / gestion)
text_var_sys_inv_consigne_circ_prim,<Value> : OUT ANA : consigne circulateur primaire,<Value> : OUT ANA : consigne circulateur primaire,<Value> : OUT ANA : consigne circulateur primaire,<Value> : OUT ANA : consigne circulateur primaire,<Value> : OUT ANA : consigne circulateur primaire
text_var_sys_inv_position_eev_cd,<Value> : OUT ANA : position détendeur CD,<Value> : OUT ANA : position détendeur CD,<Value> : OUT ANA : position détendeur CD,<Value> : OUT ANA : position détendeur CD,<Value> : OUT ANA : position détendeur CD
text_var_sys_inv_position_eev_ev,<Value> : OUT ANA : position détendeur EV,<Value> : OUT ANA : position détendeur EV,<Value> : OUT ANA : position détendeur EV,<Value> : OUT ANA : position détendeur EV,<Value> : OUT ANA : position détendeur EV
text_var_sys_inv_out_analogiques,<Value> : OUT ANA,<Value> : OUT ANA,<Value> : OUT ANA,<Value> : OUT ANA,<Value> : OUT ANA
text_var_sys_inv_vitesse_comp_stable,<Value> : DRIVER : vitesse compresseur stable,<Value> : DRIVER : vitesse compresseur stable,<Value> : DRIVER : vitesse compresseur stable,<Value> : DRIVER : vitesse compresseur stable,<Value> : DRIVER : vitesse compresseur stable
text_var_sys_inv_vitesse_comp,<Value> : DRIVER : vitesse compresseur,<Value> : DRIVER : vitesse compresseur,<Value> : DRIVER : vitesse compresseur,<Value> : DRIVER : vitesse compresseur,<Value> : DRIVER : vitesse compresseur
text_var_sys_inv_dde_vitesse_comp,<Value> : FRIGO : demande vitesse compresseur,<Value> : FRIGO : demande vitesse compresseur,<Value> : FRIGO : demande vitesse compresseur,<Value> : FRIGO : demande vitesse compresseur,<Value> : FRIGO : demande vitesse compresseur
text_var_sys_inv_press_bp,<Value> : IN ANA : pression BP / température d'évaporation,<Value> : IN ANA : pression BP / température d'évaporation,<Value> : IN ANA : pression BP / température d'évaporation,<Value> : IN ANA : pression BP / température d'évaporation,<Value> : IN ANA : pression BP / température d'évaporation
text_var_sys_inv_press_hp,<Value> : IN ANA : pression HP / température de condensation,<Value> : IN ANA : pression HP / température de condensation,<Value> : IN ANA : pression HP / température de condensation,<Value> : IN ANA : pression HP / température de condensation,<Value> : IN ANA : pression HP / température de condensation
text_var_sys_inv_temp_bp,<Value> : IN ANA : température BP,<Value> : IN ANA : température BP,<Value> : IN ANA : température BP,<Value> : IN ANA : température BP,<Value> : IN ANA : température BP
text_var_sys_inv_temp_hp,<Value> : IN ANA : température HP,<Value> : IN ANA : température HP,<Value> : IN ANA : température HP,<Value> : IN ANA : température HP,<Value> : IN ANA : température HP
text_var_sys_inv_temp_hp_cible,<Value> : FRIGO : température HP cible compresseur,<Value> : IN ANA : température HP cible compresseur,<Value> : IN ANA : température HP cible compresseur,<Value> : IN ANA : température HP cible compresseur,<Value> : IN ANA : température HP cible compresseur
text_var_sys_inv_temp_liqu,<Value> : IN ANA : température liquide,<Value> : IN ANA : température liquide,<Value> : IN ANA : température liquide,<Value> : IN ANA : température liquide,<Value> : IN ANA : température liquide
text_var_sys_inv_debit_capteur,<Value> : IN ANA : débit capteur,<Value> : IN ANA : débit capteur,<Value> : IN ANA : débit capteur,<Value> : IN ANA : débit capteur,<Value> : IN ANA : débit capteur
text_var_sys_inv_press_cap,<Value> : IN ANA : pression capteur,<Value> : IN ANA : pression capteur,<Value> : IN ANA : pression capteur,<Value> : IN ANA : pression capteur,<Value> : IN ANA : pression capteur
text_var_sys_inv_ret_cap,<Value> : IN ANA : température retour capteur,<Value> : IN ANA : température retour capteur,<Value> : IN ANA : température retour capteur,<Value> : IN ANA : température retour capteur,<Value> : IN ANA : température retour capteur
text_var_sys_inv_dep_cap,<Value> : IN ANA : température départ capteur,<Value> : IN ANA : température départ capteur,<Value> : IN ANA : température départ capteur,<Value> : IN ANA : température départ capteur,<Value> : IN ANA : température départ capteur
text_var_sys_inv_debit_prim,<Value> : IN ANA : débit primaire,<Value> : IN ANA : débit primaire,<Value> : IN ANA : débit primaire,<Value> : IN ANA : débit primaire,<Value> : IN ANA : débit primaire
text_var_sys_inv_press_prim,<Value> : IN ANA : pression primaire,<Value> : IN ANA : pression primaire,<Value> : IN ANA : pression primaire,<Value> : IN ANA : pression primaire,<Value> : IN ANA : pression primaire
text_var_sys_inv_ret_prim,<Value> : IN ANA : température retour primaire,<Value> : IN ANA : température retour primaire,<Value> : IN ANA : température retour primaire,<Value> : IN ANA : température retour primaire,<Value> : IN ANA : température retour primaire
text_var_sys_inv_dep_prim,<Value> : IN ANA : température départ primaire,<Value> : IN ANA : température départ primaire,<Value> : IN ANA : température départ primaire,<Value> : IN ANA : température départ primaire,<Value> : IN ANA : température départ primaire
text_var_sys_inv_in_analogiques,<Value> : IN ANALOGIQUES,<Value> : IN ANALOGIQUES,<Value> : IN ANALOGIQUES,<Value> : IN ANALOGIQUES,<Value> : IN ANALOGIQUES
text_var_sys_geo_vide_,<Value> : FRIGO : Spare,<Value> : FRIGO : Spare,<Value> : FRIGO : Spare,<Value> : FRIGO : Spare,<Value> : FRIGO : Spare
text_var_sys_pre_chauf,<Value> : FRIGO : pré-chauffage,<Value> : FRIGO : pré-chauffage,<Value> : FRIGO : pré-chauffage,<Value> : FRIGO : pré-chauffage,<Value> : FRIGO : pré-chauffage
text_var_sys_inv_pb_thermo,<Value> : FRIGO : problème thermodynamique,<Value> : FRIGO : problème thermodynamique,<Value> : FRIGO : problème thermodynamique,<Value> : FRIGO : problème thermodynamique,<Value> : FRIGO : problème thermodynamique
text_var_sys_inv_retour_huile,<Value> : FRIGO : cycle retourd'huile,<Value> : FRIGO : cycle retourd'huile,<Value> : FRIGO : cycle retourd'huile,<Value> : FRIGO : cycle retourd'huile,<Value> : FRIGO : cycle retourd'huile
text_var_sys_inv_pac__ok,<Value> : FRIGO : machine OK,<Value> : FRIGO : machine OK,<Value> : FRIGO : machine OK,<Value> : FRIGO : machine OK,<Value> : FRIGO : machine OK
text_var_sys_inv_type_restriction,<Value> : FRIGO : type de restriction,<Value> : FRIGO : type de restriction,<Value> : FRIGO : type de restriction,<Value> : FRIGO : type de restriction,<Value> : FRIGO : type de restriction
text_var_sys_inv_press_hp_max,<Value> : FRIGO : pressionHP max vs vitesse compresseur,<Value> : FRIGO : pressionHP max vs vitesse compresseur,<Value> : FRIGO : pressionHP max vs vitesse compresseur,<Value> : FRIGO : pressionHP max vs vitesse compresseur,<Value> : FRIGO : pressionHP max vs vitesse compresseur
text_var_sys_inv_temp_cond_min,<Value> : FRIGO : température de condensation min vs évap,<Value> : FRIGO : température de condensation min vs évap,<Value> : FRIGO : température de condensation min vs évap,<Value> : FRIGO : température de condensation min vs évap,<Value> : FRIGO : température de condensation min vs évap
text_var_sys_inv_temp_cond_max,<Value> : FRIGO : température de condensation max vs évap,<Value> : FRIGO : température de condensation max vs évap,<Value> : FRIGO : température de condensation max vs évap,<Value> : FRIGO : température de condensation max vs évap,<Value> : FRIGO : température de condensation max vs évap
text_var_sys_inv_statut_frigo,<Value> : STATUT FRIGO,<Value> : STATUT FRIGO,<Value> : STATUT FRIGO,<Value> : STATUT FRIGO,<Value> : STATUT FRIGO
text_var_sys_inv_temp_dlt,<Value> : DRIVER : température DLT,<Value> : DRIVER : température DLT,<Value> : DRIVER : température DLT,<Value> : DRIVER : température DLT,<Value> : DRIVER : température DLT
text_var_sys_inv_vit_mes_courant,<Value> : DRIVER : vitesse mesurée par la fréquence du courant,<Value> : DRIVER : vitesse mesurée par la fréquence du courant,<Value> : DRIVER : vitesse mesurée par la fréquence du courant,<Value> : DRIVER : vitesse mesurée par la fréquence du courant,<Value> : DRIVER : vitesse mesurée par la fréquence du courant
text_var_sys_inv_courant_w,<Value> : DRIVER : courant W compresseur,<Value> : DRIVER : courant W compresseur,<Value> : DRIVER : courant W compresseur,<Value> : DRIVER : courant W compresseur,<Value> : DRIVER : courant W compresseur
text_var_sys_inv_courant_v,<Value> : DRIVER : courant V compresseur,<Value> : DRIVER : courant V compresseur,<Value> : DRIVER : courant V compresseur,<Value> : DRIVER : courant V compresseur,<Value> : DRIVER : courant V compresseur
text_var_sys_inv_courant_u,<Value> : DRIVER : courant U compresseur,<Value> : DRIVER : courant U compresseur,<Value> : DRIVER : courant U compresseur,<Value> : DRIVER : courant U compresseur,<Value> : DRIVER : courant U compresseur
text_var_sys_inv_temp_pfc,<Value> : DRIVER : température PFC,<Value> : DRIVER : température PFC,<Value> : DRIVER : température PFC,<Value> : DRIVER : température PFC,<Value> : DRIVER : température PFC
text_var_sys_inv_temp_ipm,<Value> : DRIVER : température IPM,<Value> : DRIVER : température IPM,<Value> : DRIVER : température IPM,<Value> : DRIVER : température IPM,<Value> : DRIVER : température IPM
text_var_sys_inv_tension_dc,<Value> : DRIVER : tension DC,<Value> : DRIVER : tension DC,<Value> : DRIVER : tension DC,<Value> : DRIVER : tension DC,<Value> : DRIVER : tension DC
text_var_sys_inv_tension_in_ac,<Value> : DRIVER : tension entrée AC,<Value> : DRIVER : tension entrée AC,<Value> : DRIVER : tension entrée AC,<Value> : DRIVER : tension entrée AC,<Value> : DRIVER : tension entrée AC
text_var_sys_inv_courant_in_ac,<Value> : DRIVER : courant entrée AC,<Value> : DRIVER : courant entrée AC,<Value> : DRIVER : courant entrée AC,<Value> : DRIVER : courant entrée AC,<Value> : DRIVER : courant entrée AC
text_var_sys_inv_courant_phase_comp,<Value> : DRIVER : courant de phase du compresseur,<Value> : DRIVER : courant de phase du compresseur,<Value> : DRIVER : courant de phase du compresseur,<Value> : DRIVER : courant de phase du compresseur,<Value> : DRIVER : courant de phase du compresseur
text_var_sys_inv_pfc,<Value> : DRIVER : PFC,<Value> : DRIVER : PFC,<Value> : DRIVER : PFC,<Value> : DRIVER : PFC,<Value> : DRIVER : PFC
text_var_sys_inv_protect_lim_vit_hau,<Value> : DRIVER : protection de limite de vitesse haute,<Value> : DRIVER : protection de limite de vitesse haute,<Value> : DRIVER : protection de limite de vitesse haute,<Value> : DRIVER : protection de limite de vitesse haute,<Value> : DRIVER : protection de limite de vitesse haute
text_var_sys_inv_protect_vit_bas,<Value> : DRIVER : protection de limite de vitesse basse,<Value> : DRIVER : protection de limite de vitesse basse,<Value> : DRIVER : protection de limite de vitesse basse,<Value> : DRIVER : protection de limite de vitesse basse,<Value> : DRIVER : protection de limite de vitesse basse
text_var_sys_dim_vit_comp,<Value> : DRIVER : diminution vitesse compresseur,<Value> : DRIVER : diminution vitesse compresseur,<Value> : DRIVER : diminution vitesse compresseur,<Value> : DRIVER : diminution vitesse compresseur,<Value> : DRIVER : diminution vitesse compresseur
text_var_sys_inv_augm_vit,<Value> : DRIVER : augmentation vitesse compresseur,<Value> : DRIVER : augmentation vitesse compresseur,<Value> : DRIVER : augmentation vitesse compresseur,<Value> : DRIVER : augmentation vitesse compresseur,<Value> : DRIVER : augmentation vitesse compresseur
text_var_sys_inv_comp,<Value> : DRIVER : compresseur,<Value> : DRIVER : compresseur,<Value> : DRIVER : compresseur,<Value> : DRIVER : compresseur,<Value> : DRIVER : compresseur
text_var_sys_inv_redem_comp,<Value> : DRIVER : redémarrage compresseur,<Value> : DRIVER : redémarrage compresseur,<Value> : DRIVER : redémarrage compresseur,<Value> : DRIVER : redémarrage compresseur,<Value> : DRIVER : redémarrage compresseur
text_var_sys_inv_dem_comp,<Value> : DRIVER : démarrage compresseur,<Value> : DRIVER : démarrage compresseur,<Value> : DRIVER : démarrage compresseur,<Value> : DRIVER : démarrage compresseur,<Value> : DRIVER : démarrage compresseur
text_var_sys_inv_defaut_driver,<Value> : DRIVER : défaut driver,<Value> : DRIVER : défaut driver,<Value> : DRIVER : défaut driver,<Value> : DRIVER : défaut driver,<Value> : DRIVER : défaut driver
text_var_sys_inv_dsp_reset,<Value> : DRIVER : DSP reset,<Value> : DRIVER : DSP reset,<Value> : DRIVER : DSP reset,<Value> : DRIVER : DSP reset,<Value> : DRIVER : DSP reset
text_var_sys_inv_statut_driver,<Value> : STATUT DRIVER,<Value> : STATUT DRIVER :,<Value> : STATUT DRIVER :,<Value> : STATUT DRIVER :,<Value> : STATUT DRIVER :
text_var_sys_inv_statut_reduc_pw,<Value> : STATUT : réduction de puissance,<Value> : STATUT : réduction de puissance,<Value> : STATUT : réduction de puissance,<Value> : STATUT : réduction de puissance,<Value> : STATUT : réduction de puissance
text_var_sys_inv_temps_fct,<Value> : INVERTERRA : temps de fonctionnement compresseur,<Value> : INVERTERRA : temps de fonctionnement compresseur,<Value> : INVERTERRA : temps de fonctionnement compresseur,<Value> : INVERTERRA : temps de fonctionnement compresseur,<Value> : INVERTERRA : temps de fonctionnement compresseur
text_var_sys_inv_nb_cycle,<Value> : INVERTERRA : nombre de cycles compresseur,<Value> : INVERTERRA : nombre de cycles compresseur,<Value> : INVERTERRA : nombre de cycles compresseur,<Value> : INVERTERRA : nombre de cycles compresseur,<Value> : INVERTERRA : nombre de cycles compresseur
text_var_sys_inv_modele_driver,<Value> : INVERTERRA : modèle driver,<Value> : INVERTERRA : modèle driver,<Value> : INVERTERRA : modèle driver,<Value> : INVERTERRA : modèle driver,<Value> : INVERTERRA : modèle driver
text_var_sys_inv_fluide,<Value> : INVERTERRA : fluide PAC,<Value> : INVERTERRA : fluide PAC,<Value> : INVERTERRA : fluide PAC,<Value> : INVERTERRA : fluide PAC,<Value> : INVERTERRA : fluide PAC
text_var_sys_inv_freecool,<Value> : INVERTERRA : option Freecooling,<Value> : INVERTERRA : option Freecooling,<Value> : INVERTERRA : option Freecooling,<Value> : INVERTERRA : option Freecooling,<Value> : INVERTERRA : option Freecooling
text_var_sys_inv_reversible,<Value> : INVERTERRA : réversibilité PAC,<Value> : INVERTERRA : réversibilité PAC,<Value> : INVERTERRA : réversibilité PAC,<Value> : INVERTERRA : réversibilité PAC,<Value> : INVERTERRA : réversibilité PAC
text_var_sys_inv_modele_pac,<Value> : INVERTERRA : modèle PAC,<Value> : INVERTERRA : modèle PAC,<Value> : INVERTERRA : modèle PAC,<Value> : INVERTERRA : modèle PAC,<Value> : INVERTERRA : modèle PAC
text_var_sys_inv_inverterra,<Value> : INVERTERRA,<Value> : INVERTERRA,<Value> : INVERTERRA,<Value> : INVERTERRA,<Value> : INVERTERRA
text_var_sys_inv_type_pac,<Value> : M,<Value> : M,<Value> : M,<Value> : M,New Tex<Value> : Mt
text_frequence_enregistrement_historique_titre_centre_defaut,Fréquence d'enregistrement des historiques,New Text,New Text,New Text,New Text
text_value_registre,<Value>,<Value>,<Value>,<Value>,<Value>
text_88b,8.8 :,New Text,New Text,New Text,New Text
text_106b,10.6 :,New Text,New Text,New Text,New Text
text_16b,16.0 :,New Text,New Text,New Text,New Text
text_resultat,RESULTAT :,New Text,New Text,New Text,New Text
text_registre,REGISTRE :,New Text,New Text,New Text,New Text
text_value_retour_mode_commande,<Value>,<Value>,<Value>,<Value>,<Value>
text_question_lancer_procedure,Voulez-vous lancer la procédure ?,New Text,New Text,New Text,New Text
text_valeur_test_code,<Value>,<Value>,<Value>,<Value>,<Value>
text_titre_test_code,Text Code,New Text,New Text,New Text,New Text
text_info_lieu_recup_charge,<Value>,<Value>,<Value>,<Value>,<Value>
text_unite_interieure,Unité intérieure,New Text,New Text,New Text,New Text
text_lieu_recuperation_charge,Où souhaitez-vous récupérer la charge ?,New Text,New Text,New Text,New Text
text_oui_non_procedure,Voulez-vous lancer la procédure ?,New Text,New Text,New Text,New Text
text_info_recup_fichier,"Après l'enregistrement, pour récupérer l'historique, mettre une clé USB comportant un
fichier .txt nommé R_HISTORIQUE.TXT à la racine de celle-ci.",New Text,New Text,New Text,New Text
text_info_freq_record,Cette fréquence sera remise à 5 min après 3 jours.,New Text,New Text,New Text,New Text
text_value_freq_record,<Value> sec,<Value> sec,<Value> sec,<Value> sec,<Value> sec
text_frequence_record_histo,"Fréquence d'enregistrement de l'historique
de fonctionnement",New Text,New Text,New Text,New Text
text_bouton_cache,Bouton Caché,New Text,New Text,New Text,New Text
text_mode_commande_centre_defaut,"Mode
Commande",New Text,New Text,New Text,New Text
text_frequence_histo_centre,"Fréquence
Historiques",New Text,New Text,New Text,New Text
text_electrique_centre_defaut,Electrique,New Text,New Text,New Text,New Text
text_var_sys_fonction10,<Value> : REG : sortie TOR : fonction 10,<Value>,<Value>,<Value>,<Value>
text_var_sys_fonction9,<Value> : REG : sortie TOR : fonction 9,<Value>,<Value>,<Value>,<Value>
text_var_sys_fonction8,<Value> : REG : sortie TOR : fonction 8,<Value>,<Value>,<Value>,<Value>
text_var_sys_info_marche_arret_comp,<Value> : REG : sortie TOR : info marche / arrêt comp.,<Value>,<Value>,<Value>,<Value>
text_var_sys_contact_chaud_simu2,<Value> : REG : sortie TOR : contact chaud / froid simultané (Voie 2),<Value>,<Value>,<Value>,<Value>
text_var_sys_contact_chaud_simu1,<Value> : REG : sortie TOR : contact chaud / froid simultané (Voie 1),<Value>,<Value>,<Value>,<Value>
text_var_sys_defaut_pac,<Value> : REG : sortie TOR : défaut PAC,<Value>,<Value>,<Value>,<Value>
text_var_sys_info_chaud_froid,<Value> : REG : sortie TOR : info chaud / froid,<Value>,<Value>,<Value>,<Value>
text_var_sys_releve_pac,<Value> : REG : sortie TOR : relève PAC,<Value>,<Value>,<Value>,<Value>
text_var_sys_resistance_carter,<Value> : REG : sortie TOR : résistance de carter,<Value>,<Value>,<Value>,<Value>
text_var_sys_pw_appoint,<Value> : REG : sortie TOR : PW résistance appoint,<Value>,<Value>,<Value>,<Value>
text_var_sys_bouclage_ecs,<Value> : REG : sortie TOR : bouclage ECS,<Value>,<Value>,<Value>,<Value>
text_var_sys_appoint_ecs,<Value> : REG : sortie TOR : appoint ECS,<Value>,<Value>,<Value>,<Value>
text_var_sys_v3v_ecs,<Value> : REG : sortie TOR : V3V ECS,<Value>,<Value>,<Value>,<Value>
text_var_sys_circul_ecs,<Value> : REG : sortie TOR : circulateur ECS,<Value>,<Value>,<Value>,<Value>
text_var_sys_boost_ecs,<Value> : REG : entrée TOR : boost ECS (PV),<Value>,<Value>,<Value>,<Value>
text_var_sys_autporisation_solaire,<Value> : REG : entrée TOR : autorisation solaire ECS (PV),<Value>,<Value>,<Value>,<Value>
text_var_sys_fonction7,<Value> : REG : entrée TOR : fonction 7,<Value>,<Value>,<Value>,<Value>
text_var_sys_fonction6,<Value> : REG : entrée TOR : fonction 6,<Value>,<Value>,<Value>,<Value>
text_var_sys_fonction5,<Value> : REG : entrée TOR : fonction 5,<Value>,<Value>,<Value>,<Value>
text_var_sys_fonction4,<Value> : REG : entrée TOR : fonction 4,<Value>,<Value>,<Value>,<Value>
text_var_sys_delestage,<Value> : REG : entrée TOR : délestage,<Value>,<Value>,<Value>,<Value>
text_var_sys_chaud_froid,<Value> : REG : entrée TOR : chaud (fermé)  / froid,<Value>,<Value>,<Value>,<Value>
text_var_sys_marche_arret,<Value> : REG : marche (fermé) / arrêt,<Value>,<Value>,<Value>,<Value>
text_var_sys_abaissement_cons,<Value> : REG : entrée TOR : abaiss. point de consigne ambiant (3°C),<Value>,<Value>,<Value>,<Value>
text_var_sys_marche_arret_general,<Value> : REG : entrée TOR : marche / arrêt général,<Value>,<Value>,<Value>,<Value>
text_var_sys_free_heating,<Value> : REG : entrée TOR : free heating,<Value>,<Value>,<Value>,<Value>
text_var_sys_adapt_consigne,<Value> : REG : entrée TOR : adapt. consigne,<Value>,<Value>,<Value>,<Value>
text_var_sys_adapt_loi_deau,<Value> : REG : entrée TOR : adapt. loi d'eau,<Value>,<Value>,<Value>,<Value>
text_var_sys_defaut_appoint,<Value> : REG : entrée TOR : défaut appoint,<Value>,<Value>,<Value>,<Value>
text_var_sys_ejp,<Value> : REG : entrée TOR : EJP,<Value>,<Value>,<Value>,<Value>
text_var_sys_thermostat_z2,<Value> : REG : entrée TOR : thermostat Zone 2 ,<Value>,<Value>,<Value>,<Value>
text_var_sys_thermostat_z1,<Value> : REG : entrée TOR : thermostat Zone 1,<Value>,<Value>,<Value>,<Value>
text_var_sys_v3v_pisc,<Value> : MZ : sortie TOR : V3V piscine/circulateur (suivant config.),<Value>,<Value>,<Value>,<Value>
text_var_sys_marche_piscine,<Value> : MZ : entrée TOR : marche piscine,<Value>,<Value>,<Value>,<Value>
text_var_sys_gestion_v3v,<Value> : Config : mode de gestion V3V,<Value>,<Value>,<Value>,<Value>
text_var_sys_antilegionel,<Value> : Config : cycle antilégionellose,<Value>,<Value>,<Value>,<Value>
text_var_sys_shunt_tempo,<Value> : Config : shunt temporisation,<Value>,<Value>,<Value>,<Value>
text_var_sys_prio_piscine,<Value> : Config : priorité piscine,<Value>,<Value>,<Value>,<Value>
text_var_sys_reduct_pw,<Value> : Config : réduction de puissance,<Value> : Température ECS milieu,<Value> : Température ECS milieu,<Value> : Température ECS milieu,<Value> : Température ECS milieu
text_var_sys_mode_silencieux,<Value> : Config : mode silencieux,<Value>,<Value>,<Value>,<Value>
text_var_sys_duree_defrost,<Value> : Config : durée cycle de dégivrage,<Value>,<Value>,<Value>,<Value>
text_var_sys_mode_secours,<Value> : Config : mode secours en cas de défaut PAC,<Value>,<Value>,<Value>,<Value>
text_var_syst_mode,<Value> : Config : mode secours en cas de défaut PAC,<Value> : Température ECS milieu,<Value> : Température ECS milieu,<Value> : Température ECS milieu,<Value> : Température ECS milieu
text_oui_non_wildcard,<Value>,<Value>,<Value>,<Value>,<Value>
text_autorisation_piscine,<Value>,<Value>,<Value>,<Value>,<Value>
text_var_sys_egal_droite_defaut,Egal,New Text,New Text,New Text,New Text
text_var_sys_val_circ,<Value>,<Value>,<Value>,<Value>,<Value>
text_recep_radio,Radio / 50  dB,New Text,New Text,New Text,New Text
text_niveau_recept_radio,<Value>,<Value>dB,<Value>dB,<Value>dB,<Value>dB
text_hors_gel_droite_defaut,Hors-gel,New Text,New Text,New Text,New Text
text_froid_marche_droite_defaut,Froid Marche,New Text,New Text,New Text,New Text
text_froid_auto_prog_droite_defaut,Froid Auto/Prog,New Text,New Text,New Text,New Text
text_chaud_marche_droite_defaut,Chaud Marche,New Text,New Text,New Text,New Text
text_chaud_auto_prog_droite_defaut,Chaud Auto/Prog,New Text,New Text,New Text,New Text
text_var_sys_cons_v3v_zone_gauche_defaut,<Value> : Consigne vanne 3 voies Z<Value>,<Value> : Consigne vanne 3 voies Z<Value>,<Value> : Consigne vanne 3 voies Z<Value>,<Value> : Consigne vanne 3 voies Z<Value>,<Value> : Consigne vanne 3 voies Z<Value>
text_var_sys_circulateur_gauche_defaut,<Value> : Circulateur Z<Value>,<Value> : Circulateur Z<Value>,<Value> : Circulateur Z<Value>,<Value> : Circulateur Z<Value>,<Value> : Circulateur Z<Value>
text_var_sys_cons_circulateur_gauche_defaut,<Value> : Consigne circulateur Z<Value>,<Value> : Circulateur Z<Value>,<Value> : Circulateur Z<Value>,<Value> : Circulateur Z<Value>,<Value> : Circulateur Z<Value>
text_value_parite,<Value>,<Value>,<Value>,<Value>,<Value>
__SingleUse_DNG2,Choix de la parité,New Text,New Text,New Text,New Text
text_temp_zone_modbus,Temp. des zones via modbus ?,New Text,New Text,New Text,New Text
text_valeur_nb_stopbit,<Value>,<Value>,<Value>,<Value>,<Value>
text_choix_nb_stopbit,Choix du nombre de stop bit,New Text,New Text,New Text,New Text
text_arret_pac__no_modbus,Arret de la PAC en cas d'arrêt de la communication modbus ?,New Text,New Text,New Text,New Text
text_valeur_vitesse_com,<Value>,<Value>,<Value>,<Value>,<Value>
text_choix_vitesse_com,Choix de la vitesse de transmission,New Text,New Text,New Text,New Text
text_activer_resistance,"Voulez-vous activer la résistance de
terminaison ?",New Text,New Text,New Text,New Text
text_val_adresse_modbus,16,New Text,New Text,New Text,New Text
text_value_adresse_modbus,<Value>,<Value>,<Value>,<Value>,<Value>
text_choix_adresse_modbus,Choix de l'adresse Modbus,New Text,New Text,New Text,New Text
text_resistance_carter_explication_centre_defaut,"En activant cette fonction, le préchauffage du compresseur sera réalisé de façon
automatique en fonction des températures afin de se prémunir d'un éventuel
coup de liquide au démarrage de celui-ci.",New Text,New Text,New Text,New Text
text_resistance_carter_question_centre_defaut,"Voulez-vous autoriser le fonctionnement
de la résistance de carter en automatique ?",New Text,New Text,New Text,New Text
text_resistance_carter_titre_centre_defaut,Résistance de carter,New Text,New Text,New Text,New Text
text_value_reduc_pw,<Value>,<Value>,<Value>,<Value>,<Value>
text_area_titre_percent_reduc_pw,% de réduction de puissance,New Text,New Text,New Text,New Text
text_commentaire_valeur_reduc_pw,"Réduction de puissance permanente sauf si le délestage est activé.
(cf : menu ""Configuration In/Out carte REG"")",New Text,New Text,New Text,New Text
text_valeur_comentaire_reduc_pw,New Text,New Text,New Text,New Text,New Text
text_signification_reduc_pw,"E : Appoint électrique
P : Puissance max PAC",New Text,New Text,New Text,New Text
text_mode_silencieux_titre_centre_defaut,Mode silencieux,New Text,New Text,New Text,New Text
text_val_limitation_pw,80,New Text,New Text,New Text,New Text
text_valeur_limitation_pw,<Value>%,<Value>%,<Value>%,<Value>%,<Value>%
text_niveau_limitation_puissance,Niveau de limitation de la puissance de  la PAC,New Text,New Text,New Text,New Text
text_commentaire_appoint_autorise,Cette fonction n'empêche pas le fonctionnement de l'appoint.,New Text,New Text,New Text,New Text
text_commentaire_silencieux,"Attention :
La vitesse des ventilateurs sera réduite.
Les dégivrages seront plus fréquents et la
puissance sera moindre.",New Text,New Text,New Text,New Text
text_activation_mode_silencieux,Activation du mode silencieux ?,New Text,New Text,New Text,New Text
text_marche_prog,Marche/Prog,New Text,New Text,New Text,New Text
text_degivrage_liaison_frigo_titre,Dégivrage / Liaison Frigo,New Text,New Text,New Text,New Text
text_condition,Condition,New Text,New Text,New Text,New Text
text_information_degivrage,"Ce paramètre modifie les conditions et la durée
du cycle de dégivrage.",New Text,New Text,New Text,New Text
text_froid_actif_centre_defaut,Froid actif,New Text,New Text,New Text,New Text
text_freecooling_centre_defaut,Freecooling,New Text,New Text,New Text,New Text
text_regulation_avancee_titre,Régulation Avancée,New Text,New Text,New Text,New Text
text_limitation_pw_froid,Limitation de PW à 50% en mode froid,New Text,New Text,New Text,New Text
text_off_limitation_froid,Off,New Text,New Text,New Text,New Text
text_limitation_pw_ecs,Limitation PW à 50% en mode ECS,New Text,New Text,New Text,New Text
text_off_limitation_ecs,Off,New Text,New Text,New Text,New Text
text_attention_v3v,"Attention : Nécessite l'utilisation de V3V sans
coupure de débit e débit lors du basculement
(côté captage)",New Text,New Text,New Text,New Text
text_hyst_sonde_ext_centre_defaut,Hystérésis sonde Extérieure,New Text,New Text,New Text,New Text
text_value_adaptation_loi_deau,Non,New Text,New Text,New Text,New Text
text_val_temp_non_chauf,Off,New Text,New Text,New Text,New Text
text_value_temp_non_chauf,<Value>,<Value>,<Value>,<Value>,<Value>
text_choix_temp_non_chauf,"Choix Température Extérieure de Non Chauffage
OFF inhibe la fonction",New Text,New Text,New Text,New Text
text_val_chaud_froid,Non,New Text,New Text,New Text,New Text
text_chaud_froid_simu,Chaud/Froid simultané,New Text,New Text,New Text,New Text
text_adaptation_loi_deau_temp_zone,"Adaptation de la loi d'eau par rapport à la
température de la Zone",New Text,New Text,New Text,New Text
text_type_gestion,Type de Gestion,New Text,New Text,New Text,New Text
text_configuration_modbus,"Configuration
Modbus",New Text,New Text,New Text,New Text
text_menu_special,Menu Spécial,New Text,New Text,New Text,New Text
text_resistance_carter,"Résistance
de carter",New Text,New Text,New Text,New Text
text_reduction_puissance,"Réduction de
puissance",New Text,New Text,New Text,New Text
text_mode_silencieux,"Mode
silencieux",New Text,New Text,New Text,New Text
text_degivrage_liaison,"Dégivrage
Liaison",New Text,New Text,New Text,New Text
text_regulation_avancee,"Régulation
Avancée",New Text,New Text,New Text,New Text
text_gestion_v3v,Gestion V3V,New Text,New Text,New Text,New Text
text_valeur_temps_max_simultane_ecs,<Value>,<Value>,<Value>,<Value>,<Value>
text_temps_max_simultane_ecs,"Temps maximum en simultané ECS
(basculement en ECS seul ensuite)",New Text,New Text,New Text,New Text
text_conflit_meme_entree,CONFLIT : Une ou plusieurs fonction(s) ont été affectées à la même entrée,New Text,New Text,New Text,New Text
text_conflit_meme_sortie,CONFLIT : Une ou plusieurs fonction(s) ont été affectées à la même sortie,New Text,New Text,New Text,New Text
text_sortie_carte_6,<Value>,<Value>,<Value>,<Value>,<Value>
text_sortie_carte_1,<Value>,<Value>,<Value>,<Value>,<Value>
text_entree_carte_3,<Value>,<Value>,<Value>,<Value>,<Value>
text_entree_carte_2,<Value>,<Value>,<Value>,<Value>,<Value>
text_entree_carte_5,<Value>,<Value>,<Value>,<Value>,<Value>
text_entree_sortie_carte_nu,<Value>,<Value>,<Value>,<Value>,<Value>
text_entree_carte_1,<Value>,<Value>,<Value>,<Value>,<Value>
text_nom_zone8,<Value>,<Value>,<Value>,<Value>,<Value>
text_nom_zone7,<Value>,<Value>,<Value>,<Value>,<Value>
text_nom_zone6,<Value>,<Value>,<Value>,<Value>,<Value>
text_nom_zone5,<Zone 5>,<Value>,<Value>,<Value>,<Value>
text_nom_zone4,<Value>,<Value>,<Value>,<Value>,<Value>
text_nom_zone3,<Value>,<Value>,<Value>,<Value>,<Value>
text_nom_zone2,<Value>,<Value>,<Value>,<Value>,<Value>
text_nom_zone1,<Value>,<Value>,<Value>,<Value>,<Value>
text_gestion_registre_zone_centre_defaut,Gestion registre,New Text,New Text,New Text,New Text
text_reglage_debit_air_zone_centre_defaut,Réglage débit d'air,New Text,New Text,New Text,New Text
text_val_vitesse_ventil_max,<Value>%,<Value>%,<Value>%,<Value>%,<Value>%
text_vitesse_ventilation_max,Vitesse de ventilation maxi de la zone en fonctionnement seule (5% à 75%),New Text,New Text,New Text,New Text
text_question_activer_reglage_debit_air,Voulez-vous activer le réglage du débit d'air ?,New Text,New Text,New Text,New Text
text_valeur_registre,<Value>%,<Value>%,<Value>%,<Value>%,<Value>%
text_valeur,Valeur,New Text,New Text,New Text,New Text
text_question_forcer_registre,Voulez-vous forcer l'ouverture du registre ?,New Text,New Text,New Text,New Text
textArea_valeur_PDC_gaines,<Value>%,<Value>%,<Value>%,<Value>%,<Value>%
text_titre_pertes_charges_gaines,Prise en compte pertes de charge du réseau de gaines (-90% à + 90%),New Text,New Text,New Text,New Text
text_correction_debit_air,Correction débit d'air,New Text,New Text,New Text,New Text
text_valeur_volume_zone,<Value>,<Value>,<Value>,<Value>,<Value>
text_val_volume_zone,25,New Text,New Text,New Text,New Text
text_volume_zone,Volume de la zone (m3),New Text,New Text,New Text,New Text
text_gestion_registre,Gestion registre,New Text,New Text,New Text,New Text
text_question_activer_zone,Voulez-vous activer la zone ?,New Text,New Text,New Text,New Text
text_MZ1_centre_defaut,MZ1,New Text,New Text,New Text,New Text
ResourceId1,Autonome,New Text,New Text,New Text,New Text
text_hyst_plus,<Value>°C,<Value>°C,<Value>°C,<Value>°C,<Value>°C
text_hyst_moins,<Value>°C,<Value>°C,<Value>°C,<Value>°C,<Value>°C
__SingleUse_7G7U,<value>,New Text<value>,New Text<value>,New Text<value>,New Text<value>
text_message_meme_carte_voie_groupe,"Plusieurs zones ou groupes sont affectés à la même voie
de la même carte. (Carte et Sortie/Voie identiques)",New Text,New Text,New Text,New Text
__SingleUse_WIVN,<value>%,Par défaut<value>,Par défaut<value>,Par défaut<value>,Par défaut<value>
text_vitesse_max_ventilateur_attention,Plafonnement de la vitesse maximale du ventilateur - Attention au bruit,New Text,New Text,New Text,New Text
text_activer_ventilation_forcee,Activer la ventilation forcée ?,New Text,New Text,New Text,New Text
text_vitesse_max_ventilateur,Plafonnement de la vitesse maximale du ventilateur,New Text,New Text,New Text,New Text
__SingleUse_H986,Groupe X,New Text,New Text,New Text,New Text
__SingleUse_IKR4,,New Text,New Text,New Text,New Text
__SingleUse_MXE7,<value>,Directe<value>,Directe<value>,Directe<value>,Directe<value>
__SingleUse_XNCQ,,New Text,New Text,New Text,New Text
__SingleUse_7KJ1,<value>,Directe<value>,Directe<value>,Directe<value>,Directe<value>
__SingleUse_EV14,,New Text,New Text,New Text,New Text
__SingleUse_JYMN,<value>,Directe<value>,Directe<value>,Directe<value>,Directe<value>
__SingleUse_OZWQ,,New Text,New Text,New Text,New Text
__SingleUse_E6N1,<value>,Directe<value>,Directe<value>,Directe<value>,Directe<value>
__SingleUse_6U6C,,New Text,New Text,New Text,New Text
__SingleUse_4KVB,<value>,Directe<value>,Directe<value>,Directe<value>,Directe<value>
__SingleUse_IA1M,,New Text,New Text,New Text,New Text
__SingleUse_WRY0,<value>,Directe<value>,Directe<value>,Directe<value>,Directe<value>
__SingleUse_LKIN,,New Text,New Text,New Text,New Text
__SingleUse_P2ON,<value>,Directe<value>,Directe<value>,Directe<value>,Directe<value>
__SingleUse_JSU6,,New Text,New Text,New Text,New Text
__SingleUse_V6WT,<value>,Directe<value>,Directe<value>,Directe<value>,Directe<value>
__SingleUse_GAMA,,New Text,New Text,New Text,New Text
__SingleUse_BT2R,<value>,Directe<value>,Directe<value>,Directe<value>,Directe<value>
text_message_froid_non_autorise,"Fonctionnalité non accessible :

Le type d'émetteur sélectionné est du type radiateur, ou alors
votre Pompe à Chaleur n'est pas réversible.",New Text,New Text,New Text,New Text
__SingleUse_P05J,,New Text,New Text,New Text,New Text
__SingleUse_VSQS,<value>,Directe<value>,Directe<value>,Directe<value>,Directe<value>
__SingleUse_6F19,,New Text,New Text,New Text,New Text
__SingleUse_HSII,<value>,Directe<value>,Directe<value>,Directe<value>,Directe<value>
__SingleUse_CGEF,,New Text,New Text,New Text,New Text
__SingleUse_36U9,<value>,Directe<value>,Directe<value>,Directe<value>,Directe<value>
__SingleUse_J9G3,,New Text,New Text,New Text,New Text
__SingleUse_A7HM,<value>,Directe<value>,Directe<value>,Directe<value>,Directe<value>
__SingleUse_Z7KC,,New Text,New Text,New Text,New Text
__SingleUse_S346,<value>,Directe<value>,Directe<value>,Directe<value>,Directe<value>
__SingleUse_1DS4,,New Text,New Text,New Text,New Text
__SingleUse_CBBU,<value>,Directe<value>,Directe<value>,Directe<value>,Directe<value>
__SingleUse_5MJL,,New Text,New Text,New Text,New Text
__SingleUse_193O,<value>,Directe<value>,Directe<value>,Directe<value>,Directe<value>
__SingleUse_J8P2,,New Text,New Text,New Text,New Text
__SingleUse_SG25,<value>,Directe<value>,Directe<value>,Directe<value>,Directe<value>
__SingleUse_F26A,,New Text,New Text,New Text,New Text
__SingleUse_ZHKA,<value>,Directe<value>,Directe<value>,Directe<value>,Directe<value>
__SingleUse_H69D,,New Text,New Text,New Text,New Text
__SingleUse_LDMZ,<value>,Directe<value>,Directe<value>,Directe<value>,Directe<value>
__SingleUse_A3IC,,New Text,New Text,New Text,New Text
__SingleUse_U7RV,<value>,Directe<value>,Directe<value>,Directe<value>,Directe<value>
__SingleUse_4LU2,,New Text,New Text,New Text,New Text
__SingleUse_DKOU,<value>,Directe<value>,Directe<value>,Directe<value>,Directe<value>
__SingleUse_KIGI,,New Text,New Text,New Text,New Text
__SingleUse_GE9F,<value>,Directe<value>,Directe<value>,Directe<value>,Directe<value>
__SingleUse_ZT4R,,New Text,New Text,New Text,New Text
__SingleUse_HTNI,<value>,Directe<value>,Directe<value>,Directe<value>,Directe<value>
__SingleUse_VAA8,,New Text,New Text,New Text,New Text
__SingleUse_2V8N,<value>,Directe<value>,Directe<value>,Directe<value>,Directe<value>
__SingleUse_EE2L,,New Text,New Text,New Text,New Text
__SingleUse_TLJ5,<value>,Directe<value>,Directe<value>,Directe<value>,Directe<value>
__SingleUse_A3BY,1,New Text,New Text,New Text,New Text
__SingleUse_COKQ,,New Text,New Text,New Text,New Text
__SingleUse_2SK0,<value>,Directe<value>,Directe<value>,Directe<value>,Directe<value>
__SingleUse_10KD,7,New Text,New Text,New Text,New Text
__SingleUse_LSA9,8,New Text,New Text,New Text,New Text
__SingleUse_3WP3,9,New Text,New Text,New Text,New Text
__SingleUse_Y7UN,0,New Text,New Text,New Text,New Text
__SingleUse_HVN4,ESPACE,New Text,New Text,New Text,New Text
__SingleUse_S4ZO,.,New Text,New Text,New Text,New Text
__SingleUse_TE0Q,_,New Text,New Text,New Text,New Text
__SingleUse_DDYB,@,New Text,New Text,New Text,New Text
__SingleUse_CIEV,-,New Text,New Text,New Text,New Text
__SingleUse_U85J,2,New Text,New Text,New Text,New Text
__SingleUse_4FST,3,New Text,New Text,New Text,New Text
__SingleUse_EMJZ,4,New Text,New Text,New Text,New Text
__SingleUse_J5K4,5,New Text,New Text,New Text,New Text
__SingleUse_G13D,6,New Text,New Text,New Text,New Text
text_a,a,New Text,New Text,New Text,New Text
text_espace,ESPACE,New Text,New Text,New Text,New Text
text_nom_large_centre,<Value>,<Value>,<Value>,<Value>,<Value>
text_message_vanne_melange_groupe,"Pas de Vanne 3 voies mélangeuse sur la voie/sortie n°1 de la
carte REG. La voie/sortie n°1 de la carte REG doit avoir :

- La loi d'eau la plus élevée en mode chauffage
- La consigne d'eau la plus basse en mode rafraichissement",New Text,New Text,New Text,New Text
text_titre_attention,*** ATTENTION  ***,New Text,New Text,New Text,New Text
text_rafraichissement_groupe_centre_defaut,"Voulez-vous activer le rafraichissement
du Groupe ?",New Text,New Text,New Text,New Text
text_question_activation_groupe,Voulez-vous activer  <value> ?,<value>,<value>,<value>,<value>
text_message_message,<value>,<value>,<value>,<value>,<value>
text_message_titre,<value>,<value>,<value>,<value>,<value>
text_mz_groupe_A_centre_defaut,<value>,New Text<value>,New Text<value>,New Text<value>,New Text<value>
text_value_mz_centre_groupe_B,Groupe B,New Text,New Text,New Text,New Text
text_mz_groupe_B_centre_defaut,<value>,New Text<value>,New Text<value>,New Text<value>,New Text<value>
text_titre_acces_cfg_zone,Accès Cfg. Zone,New Text,New Text,New Text,New Text
text_titre_rattachement,Rattachement,New Text,New Text,New Text,New Text
text_renommer_groupe,Renommer le groupe,New Text,New Text,New Text,New Text
text_hysteresis_sonde_eau,Hystérésis sonde d'eau,New Text,New Text,New Text,New Text
text_question_activer_mode,Voulez-vous activer le mode ?,New Text,New Text,New Text,New Text
text_type_emetteur_dans_groupe,Type d'émetteur dans le groupe,New Text,New Text,New Text,New Text
text_titre_sortie_voie,Sortie / Voie,New Text,New Text,New Text,New Text
text_titre_carte_MZ,Carte Multi-zone,New Text,New Text,New Text,New Text
text_titre_type,Type,New Text,New Text,New Text,New Text
text_mz_carte_MZ1_centre_defaut,MZ1,MZ1,MZ1,MZ1,MZ1
text_type_groupe_eau_plancher,Plancher,New Text,New Text,New Text,New Text
text_type_groupe_eau_gainable,Gainable,New Text,New Text,New Text,New Text
text_mz_sortie_voie_centre_defaut,<Value>,<Value>,<Value>,<Value>,<Value>
text_mz_carte_MZ2_centre_defaut,MZ2,MZ2,MZ2,MZ2,MZ2
text_rouge_message_multizones_zones_seules,"INFORMATION :
Nécessite la présence d'une à deux cartes Multi-zones.
Dans le cas d'un gainable, il faut impérativement créer un groupe d'eau au minimum.",New Text,New Text,New Text,New Text
text_blanc_message_multizones_zones_seules,"Vous pouvez gérer jusqu'à 8 Zones. Chacune des zones dispose alors :
 - d'une consigne de température d'eau (loi d'eau)
 - d'une consigne d'ambiance",New Text,New Text,New Text,New Text
text_blanc_message_multizones_groupe,"Vous pouvez gérer jusqu'à 8 Zones avec une consigne de température d'eau individuelle pour chacunes.

OU

Effectuer un regroupement de Zones afin de créer jusqu'à 2 groupes avec  les zones ayant besoin d'un même seuil de température d'eau.
Vous pouvez aussi panacher les zones regroupées et celles régulées séparément.",New Text,New Text,New Text,New Text
text_parametrage_zone_independantes,Paramétrage des zones indépendantes,New Text,New Text,New Text,New Text
text_parametrage_groupes_et_zones,paramétrage des groupes d'eau et des zones,New Text,New Text,New Text,New Text
text_pilotage_pompe_puits,"Nécessite l'utilisationd'une carte
additionnelle.",New Text,New Text,New Text,New Text
text_part_volume_zone2,"Part du volume de la Zone 2 sur le volume
total chauffé","Part du volume de la Zone 2 sur le volume
total chauffé","Part du volume de la Zone 2 sur le volume
total chauffé","Part du volume de la Zone 2 sur le volume
total chauffé","Part du volume de la Zone 2 sur le volume
total chauffé"
text_part_volume_zone1,"Part du volume de la Zone 1 sur le volume
total chauffé",text_part_volume_zone1,text_part_volume_zone1,text_part_volume_zone1,text_part_volume_zone1
text_hz_comp_droite,<Value>,<Value>Hz,<Value>Hz,<Value>Hz,<Value>Hz
text_init_0_droite,0,New Text,New Text,New Text,New Text
__SingleUse_3UVL,0,New Text,New Text,New Text,New Text
text_init_0_centre_defaut,0,0,0,0,0
text_pression_temp_centre_defaut,<Value>b / <Value>°C,<Value>b / <Value>°C,<Value>b / <Value>°C,<Value>b / <Value>°C,<Value>b / <Value>°C
text_init_00_centre_defaut,0.0,0.0,0.0,0.0,0.0
text_var_sys_na_droite_defaut,NA,NA,NA,NA,NA
text_ballon_tampon_froid_gauche_defaut,<Value> : Température ballon tampon froid,<Value> : Température ballon tampon froid,<Value> : Température ballon tampon froid,<Value> : Température ballon tampon froid,<Value> : Température ballon tampon froid
text_pump_down_centre_defaut,Pump down,New Text,New Text,New Text,New Text
text_piscine_froid_centre_defaut,Piscine / froid,New Text,New Text,New Text,New Text
text_ecs_froid_centre_defaut,ECS / froid,New Text,New Text,New Text,New Text
text_chaud_froid_centre_defaut,Chaud / froid,New Text,New Text,New Text,New Text
text_test_cps_centre_defaut,Test composants,New Text,New Text,New Text,New Text
text_arret_urgence_centre_defaut,Arrêt urgence,New Text,New Text,New Text,New Text
text_piscine_centre_defaut,Piscine,New Text,New Text,New Text,New Text
text_froid_centre_defaut,Froid,New Text,New Text,New Text,New Text
text_chaud_centre_defaut,Chaud,New Text,New Text,New Text,New Text
text_arret_centre_defaut,Arrêt,New Text,New Text,New Text,New Text
text_releve_chaudiere_centre_defaut,Relève chaudière,New Text,New Text,New Text,New Text
text_app_chaudiere_centre_defaut,Appoint chaudière,New Text,New Text,New Text,New Text
text_regul_2_zones_droite_defaut,Ballon tampon 2 zones,Directe,Directe,Directe,Directe
text_regul_esclave_droite_defaut,Esclave,Directe,Directe,Directe,Directe
text_regul_externe_droite_defaut,Externe,Directe,Directe,Directe,Directe
text_regul_multizones_droite_defaut,Multi-zones,Directe,Directe,Directe,Directe
text_regul_bcp_interne_droite_defaut,BCP interne,Directe,Directe,Directe,Directe
text_var_sys_off_droit_defaut,Off,New Text,New Text,New Text,New Text
text_variables_systemes_centre_defaut,Variables système,New Text,New Text,New Text,New Text
text_sonde_modbus_titre_centre_defaut,Sonde modbus - ,New Text,New Text,New Text,New Text
text_aucune_sonde_centre_defaut,Aucune sonde associée,New Text,New Text,New Text,New Text
text_association_en_cours_centre_defaut,Association en cours,New Text,New Text,New Text,New Text
text_sonde_radio_titre_centre_defaut,Sonde radio - ,New Text,New Text,New Text,New Text
text_resistance_terminaison_sonde_centre_defaut,"Dans le cas d'une distance trop importante entre les équipements, il est nécessaire d'activer la résistance de terminaison 120Ω.",New Text,New Text,New Text,New Text
text_reattribution_sonde_centre_defaut,Réattribution numéro de la sonde - ,New Text,New Text,New Text,New Text
text_contact_ferme_centre_defaut,Contact fermé = demande de froid ?,DHW loop,Ciclo de AQS,Bouclage ECS,Bouclage ECS
text_adresse_rf_gauche_defaut,Numéro de la sonde RF : <Value>,Adresse modbus à programmer dans la sonde : <Value>,Adresse modbus à programmer dans la sonde : <Value>,Adresse modbus à programmer dans la sonde : <Value>,Adresse modbus à programmer dans la sonde : <Value>
text_associer_centre_defaut,Associer,No,Não,Non,Non
text_associer_dissocier_sonde_centre_defaut,"Associer / Dissocier
La sonde intérieure",Do you want to activate the DHW option?,Quer ativar a opção AQS?,Voulez-vous activer l'option ECS ?,Voulez-vous activer l'option ECS ?
text_qualite_signal_centre_defaut,Qualité du signal,Do you want to activate the DHW option?,Quer ativar a opção AQS?,Voulez-vous activer l'option ECS ?,Voulez-vous activer l'option ECS ?
text_changer_num_sonde_rf_centre_defaut,"Pour réattribuer un nouveau numéro de sonde à la zone, vous devez au préalable avoir dissocié votre sonde ainsi que celle correspondant au nouveau numéro que vous souhaitez lui affecter.",New Text,New Text,New Text,New Text
text_arret_defaut_centre_defaut,Arrêt de la zone si défaut sonde,DHW loop,Ciclo de AQS,Bouclage ECS,Bouclage ECS
text_verrouillage_consigne_centre_defaut,Verrouillage consigne,DHW loop,Ciclo de AQS,Bouclage ECS,Bouclage ECS
text_hysteresis_sonde_centre_defaut,Hystérésis sonde,Hysteresis DHW probe,Sonda de histerese para AQS,Hysteresis sonde ECS,Hysteresis sonde ECS
text_adresse_modbus_gauche_defaut,Adresse modbus à programmer dans la sonde : <Value>,Adresse modbus à programmer dans la sonde : <Value>,Adresse modbus à programmer dans la sonde : <Value>,Adresse modbus à programmer dans la sonde : <Value>,Adresse modbus à programmer dans la sonde : <Value>
text_numero_sonde_centre_defaut,Numéro de sonde,Maximum thermodynamic cycle duration or deactivate the function,Duração máxima do ciclo termodinâmico ou desativação da função,Durée du cycle thermodynamique max ou désactiver la fonction,Durée du cycle thermodynamique max ou désactiver la fonction
text_type_sonde_modbus_1_centre_defaut,Thermostat modbus 1,Directe,Directe,Directe,Directe
text_type_sonde_modbus_centre_defaut,Modèle sonde modbus,Maximum thermodynamic cycle duration or deactivate the function,Duração máxima do ciclo termodinâmico ou desativação da função,Durée du cycle thermodynamique max ou désactiver la fonction,Durée du cycle thermodynamique max ou désactiver la fonction
text_num_sonde_modbus_centre_defaut,Numéro de sonde modbus,Hysteresis DHW probe,Sonda de histerese para AQS,Hysteresis sonde ECS,Hysteresis sonde ECS
text_regul_plancher_centre_defaut,Régulation applicable que si les 2 zones sont en plancher chauffant,Nécessite l'utilisation de circulateurs pilotés,Nécessite l'utilisation de circulateurs pilotés,Nécessite l'utilisation de circulateurs pilotés,Nécessite l'utilisation de circulateurs pilotés
text_sonde_contact_centre_defaut,Entrée contact,Directe,Directe,Directe,Directe
text_sonde_modbus_centre_defaut,Modbus,Directe,Directe,Directe,Directe
text_sonde_radio_centre_defaut,Radio,Directe,Directe,Directe,Directe
text_type_sonde_centre_defaut,Type de sonde intérieure,Maximum thermodynamic cycle duration or deactivate the function,Duração máxima do ciclo termodinâmico ou desativação da função,Durée du cycle thermodynamique max ou désactiver la fonction,Durée du cycle thermodynamique max ou désactiver la fonction
text_type_emetteur_zone_centre_defaut,Type d'émetteur de la zone,Maximum thermodynamic cycle duration or deactivate the function,Duração máxima do ciclo termodinâmico ou desativação da função,Durée du cycle thermodynamique max ou désactiver la fonction,Durée du cycle thermodynamique max ou désactiver la fonction
text_sonde_rf_centre_defaut,Sonde RF,DHW loop,Ciclo de AQS,Bouclage ECS,Bouclage ECS
text_gestion_circulateur_centre_defaut,Gestion circulateur,Hysteresis DHW probe,Sonda de histerese para AQS,Hysteresis sonde ECS,Hysteresis sonde ECS
text_renommer_centre_defaut,Renommer,Hysteresis DHW probe,Sonda de histerese para AQS,Hysteresis sonde ECS,Hysteresis sonde ECS
text_param_complementaire_zone_centre_defaut,Paramètres complémentaires de la zone,New Text,New Text,New Text,New Text
text_chauffage_centre_defaut,Voulez-vous activer le chauffage ?,"Voulez-vous activer la gestion ECS
en simultané ?","Voulez-vous activer la gestion ECS
en simultané ?","Voulez-vous activer la gestion ECS
en simultané ?","Voulez-vous activer la gestion ECS
en simultané ?"
text_rafraichissement_centre_defaut,Voulez-vous activer le rafraichissement ?,"Voulez-vous activer la gestion ECS
en simultané ?","Voulez-vous activer la gestion ECS
en simultané ?","Voulez-vous activer la gestion ECS
en simultané ?","Voulez-vous activer la gestion ECS
en simultané ?"
text_var_sys_electrique_droite_defaut,Electrique,New Text,New Text,New Text,New Text
text_question_resistance_terminaison_centre_defaut,"Voulez-vous activer la résistance
de terminaison ?",New Text,New Text,New Text,New Text
text_texte_resistance_terminaison_centre_defaut,"Dans le cas de la régulation cascade, il est nécessaire d'activer la résistance de terminaison pour les deux machines aux extrémités du bus de communication.",New Text,New Text,New Text,New Text
text_temp_depart_eau_centre_defaut,Température départ eau,Maximum thermodynamic cycle duration or deactivate the function,Duração máxima do ciclo termodinâmico ou desativação da função,Durée du cycle thermodynamique max ou désactiver la fonction,Durée du cycle thermodynamique max ou désactiver la fonction
text_chauffage_zone_centre_defaut,Voulez-vous activer le chauffage de la zone ?,"Voulez-vous activer la gestion ECS
en simultané ?","Voulez-vous activer la gestion ECS
en simultané ?","Voulez-vous activer la gestion ECS
en simultané ?","Voulez-vous activer la gestion ECS
en simultané ?"
text_rafraichissement_zone_centre_defaut,Voulez-vous activer le rafraichissement de la zone ?,"Voulez-vous activer la gestion ECS
en simultané ?","Voulez-vous activer la gestion ECS
en simultané ?","Voulez-vous activer la gestion ECS
en simultané ?","Voulez-vous activer la gestion ECS
en simultané ?"
text_type_pac_inverterra_sagitair_centre_defaut,Inverterra sagitair,Inverterra R454C,Inverterra R454C,Inverterra R454C,Inverterra R454C
text_carte_mitsu_centre_defaut,Présence carte Mitsu,DHW loop,Ciclo de AQS,Bouclage ECS,Bouclage ECS
text_code_incorrect_gauche_large,Code incorrect,New Text,New Text,New Text,New Text
text_fonction_10_gauche_defaut,Fonction 10,New Text,New Text,Erreur : communication carte FRIGO,Erreur : communication carte FRIGO
text_fonction_9_gauche_defaut,Fonction 9,New Text,New Text,Erreur : communication carte FRIGO,Erreur : communication carte FRIGO
text_fonction_8_gauche_defaut,Fonction 8,New Text,New Text,Erreur : communication carte FRIGO,Erreur : communication carte FRIGO
text_info_comp_gauche_defaut,Info marche / arrêt comp.,New Text,New Text,Erreur : communication carte FRIGO,Erreur : communication carte FRIGO
text_chaud_froid_voie_2_gauche_defaut,Chaud / Froid voie 2,New Text,New Text,Erreur : communication carte FRIGO,Erreur : communication carte FRIGO
text_chaud_froid_voie_1_gauche_defaut,Chaud / Froid voie 1,New Text,New Text,Erreur : communication carte FRIGO,Erreur : communication carte FRIGO
text_def_general_gauche_defaut,Défaut général PAC,New Text,New Text,Erreur : communication carte FRIGO,Erreur : communication carte FRIGO
text_info_chaud_froid_gauche_defaut,Info Chaud / Froid,New Text,New Text,Erreur : communication carte FRIGO,Erreur : communication carte FRIGO
text_releve_pac_gauche_defaut,Relève PAC,New Text,New Text,Erreur : communication carte FRIGO,Erreur : communication carte FRIGO
text_resis_carter_gauche_defaut,Résistance carter,New Text,New Text,Erreur : communication carte FRIGO,Erreur : communication carte FRIGO
text_sortie_centre_defaut,Sortie,New Text,New Text,Erreur : communication carte FRIGO,Erreur : communication carte FRIGO
text_adapt_cons_pv_gauche_defaut,Adaptation consigne (PV),New Text,New Text,Erreur : communication carte FRIGO,Erreur : communication carte FRIGO
text_adapt_loi_eau_pv_gauche_defaut,Adaptation loi d'eau (PV),New Text,New Text,Erreur : communication carte FRIGO,Erreur : communication carte FRIGO
text_fonction_7_gauche_defaut,Fonction 7,New Text,New Text,Erreur : communication carte FRIGO,Erreur : communication carte FRIGO
text_fonction_6_gauche_defaut,Fonction 6,New Text,New Text,Erreur : communication carte FRIGO,Erreur : communication carte FRIGO
text_fonction_5_gauche_defaut,Fonction 5,New Text,New Text,Erreur : communication carte FRIGO,Erreur : communication carte FRIGO
text_fonction_4_gauche_defaut,Fonction 4,New Text,New Text,Erreur : communication carte FRIGO,Erreur : communication carte FRIGO
text_marche_general_gauche_defaut,Marche (contact fermé) / Arrêt (contact ouvert) général,New Text,New Text,Erreur : communication carte FRIGO,Erreur : communication carte FRIGO
text_marche_zone_gauche_defaut,Marche (contact fermé) / Arrêt (contact ouvert) zones,New Text,New Text,Erreur : communication carte FRIGO,Erreur : communication carte FRIGO
text_chaud_zones_gauche_defaut,Chaud (contact fermé) / Froid (contact ouvert) zones,New Text,New Text,Erreur : communication carte FRIGO,Erreur : communication carte FRIGO
text_th2_gauche_defaut,Th2,New Text,New Text,Erreur : communication carte FRIGO,Erreur : communication carte FRIGO
text_th1_gauche_defaut,Th1,New Text,New Text,Erreur : communication carte FRIGO,Erreur : communication carte FRIGO
text_abaissmeent_consigne_gauche_defaut,Abaissement consigne intérieure (3°C si contact fermé),New Text,New Text,Erreur : communication carte FRIGO,Erreur : communication carte FRIGO
text_delestage_gauche_defaut,Délestage (activation de la réduction de puissance),New Text,New Text,Erreur : communication carte FRIGO,Erreur : communication carte FRIGO
text_code_acces_centre_defaut,Code d'accès,New Text,New Text,New Text,New Text
text_select_modele_pac_centre_defaut,Sélection du modèle de PAC,New Text,New Text,New Text,New Text
text_nu_centre_defaut,Nu,New Text,New Text,Erreur : communication carte FRIGO,Erreur : communication carte FRIGO
text_carte_reg_centre_defaut,REG,New Text,New Text,Erreur : communication carte FRIGO,Erreur : communication carte FRIGO
text_entree_centre_defaut,Entrée,New Text,New Text,Erreur : communication carte FRIGO,Erreur : communication carte FRIGO
text_ejp_gauche_defaut,EJP,New Text,New Text,Erreur : communication carte FRIGO,Erreur : communication carte FRIGO
text_sur_carte_centre_defaut,Sur carte,New Text,New Text,New Text,New Text
text_num_es_centre_defaut,Numéro E/S,New Text,New Text,New Text,New Text
text_type_centre_defaut,Type,New Text,New Text,New Text,New Text
text_fonction_centre_defaut,Fonction,New Text,New Text,New Text,New Text
__SingleUse_A42X,_ _ _ _ _ _ _ _ _ _ _ _,New Text,New Text,New Text,New Text
text_value_large_centre,<Value>,<Value>,<Value>,<Value>,<Value>
__SingleUse_3ZN1,0,New Text,New Text,New Text,New Text
__SingleUse_HXFQ,1,New Text,New Text,New Text,New Text
__SingleUse_IJMU,2,New Text,New Text,New Text,New Text
__SingleUse_6UEA,3,New Text,New Text,New Text,New Text
__SingleUse_UMII,4,New Text,New Text,New Text,New Text
__SingleUse_WQWB,5,New Text,New Text,New Text,New Text
__SingleUse_JCMO,6,New Text,New Text,New Text,New Text
__SingleUse_TDDM,7,New Text,New Text,New Text,New Text
__SingleUse_6KYQ,8,New Text,New Text,New Text,New Text
__SingleUse_9X9Y,9,New Text,New Text,New Text,New Text
text_type_circulateur_pwm_centre_defaut,PWM,New Text,New Text,New Text,New Text
text_vit_circulteur_v100_centre_defaut,V100,Par défaut,Par défaut,Par défaut,Par défaut
text_vit_circulteur_v90_centre_defaut,V90,Par défaut,Par défaut,Par défaut,Par défaut
text_vit_circulteur_v80_centre_defaut,V80,Par défaut,Par défaut,Par défaut,Par défaut
text_vit_circulteur_v70_centre_defaut,V70,Par défaut,Par défaut,Par défaut,Par défaut
text_vit_circulteur_v60_centre_defaut,V60,Par défaut,Par défaut,Par défaut,Par défaut
text_vit_circulteur_v50_centre_defaut,V50,Par défaut,Par défaut,Par défaut,Par défaut
text_vit_circulteur_v40_centre_defaut,V40,Par défaut,Par défaut,Par défaut,Par défaut
text_vit_circulteur_defaut_centre_defaut,Par défaut,Par défaut,Par défaut,Par défaut,Par défaut
text_type_circulateur_0_10v_centre_defaut,0 - 10V,New Text,New Text,New Text,New Text
text_type_circulateur_pilote_centre_defaut,Circulateur piloté,New Text,New Text,New Text,New Text
text_type_circulateur_relais_centre_defaut,Relais,New Text,New Text,New Text,New Text
text_titre_histo_defaut_centre_defaut,Historique alarmes et défauts,New Text,New Text,New Text,New Text
text_test_date_heure_droite_defaut,20:00 15/09/2024,New Text,New Text,New Text,New Text
text_date_heure_erreur_droite_defaut,<Value>,<Value>,<Value>,<Value>,<Value>
text_texte_secours_pression_centre_defaut,"En activant cette dérogation, le défaut pression d'eau sera inhibé temporairement (72h).
La dérogation pression ne sera plus active en cas de mise hors tension de votre PAC.
Merci de contacter votre installateur.",New Text,New Text,New Text,New Text
text_texte_raz_energies_centre_defaut,Attention : cette fonction efface l'ensemble des énergies.,New Text,New Text,New Text,New Text
text_titre_raz_energies_centre_defaut,RAZ des énergies,New Text,New Text,New Text,New Text
text_titre_raz_tps_fonct_centre_defaut,RAZ des temps de fonctionnement,New Text,New Text,New Text,New Text
text_question_raz_centre_defaut,Voulez-vous effacer ces données ?,New Text,New Text,New Text,New Text
text_texte_derog_pression_bp_centre_defaut,"En activant cette dérogation, le transmetteur de pression BP sera inhibé.
La dérogation pression n'est pas active pour le mode rafraichissement ou en cas de mise hors
tension de votre PAC.
Merci de contacter votre installateur.",New Text,New Text,New Text,New Text
text_question_derog_pression_centre_defaut,Voulez-vous activer le mode dérogation pression ?,New Text,New Text,New Text,New Text
text_secours_pression_centre_defaut,Dérogation sur défaut pression,New Text,New Text,New Text,New Text
text_question_restart_ihm_centre_defaut,Voulez-vous redémarre votre IHM ?,New Text,New Text,New Text,New Text
text_texte_restart_ihm_centre_defaut,Attention : cette fonction redémarre seulement votre écran.,New Text,New Text,New Text,New Text
text_restart_ihm_centre_defaut,Redémarrer son IHM,New Text,New Text,New Text,New Text
text_question_raz_log_centre_defaut,Voulez-vous effacer ce fichier ?,New Text,New Text,New Text,New Text
text_texte_raz_log_centre_defaut,Attention : cette fonction efface le logfile concernant le serveur ethernet.,New Text,New Text,New Text,New Text
text_raz_log_centre_defaut,RAZ log ethernet,New Text,New Text,New Text,New Text
text_question_raz_soft_centre_defaut,Voulez-vous effacer ces fichiers ?,New Text,New Text,New Text,New Text
text_texte_raz_soft_centre_defaut,"Attention : cette fonction supprime les softs stockés en mémoire flash (REG, ETHER, FRIGO, ...).",New Text,New Text,New Text,New Text
text_raz_soft_centre_defaut,RAZ des softs en flash,New Text,New Text,New Text,New Text
text_restart_centre_defaut,Redémarrer sa PAC,New Text,New Text,New Text,New Text
text_texte_restart_centre_defaut,Attention : cette fonction redémarre votre PAC. Assurez vous qu'il n'y a pas de demande et que les compresseurs sont à l'arrêt.,New Text,New Text,New Text,New Text
text_question_restart_centre_defaut,Voulez-vous redémarrer votre PAC ?,New Text,New Text,New Text,New Text
text_question_shunt_tempo_centre_defaut,Voulez-vous réduire les temporisations ?,New Text,New Text,New Text,New Text
text_texte_shunt_tempo_centre_defaut,"Attention : permet de réduire les temporisations, à n'utiliser que pour des tests.
Enlever la fonction après vos tests.",New Text,New Text,New Text,New Text
text_question_raz_histo_erreur_centre_defaut,Voulez-vous effacer l'historique des erreurs ?,New Text,New Text,New Text,New Text
text_texte_raz_histo_erreur_centre_defaut,"Cette action efface l'historique des erreurs, pour revenir à un historique d'erreur vierge.",New Text,New Text,New Text,New Text
text_raz_histo_erreur_centre_defaut,RAZ Historique erreurs,New Text,New Text,New Text,New Text
text_texte_raz_code_maint_centre_defaut,Cette action remet le code maintenance par défaut 1111.,New Text,New Text,New Text,New Text
text_raz_code_maint_centre_defaut,RAZ code maintenance,New Text,New Text,New Text,New Text
text_question_raz_code_centre_defaut,Voulez-vous réinitialiser le code ?,New Text,New Text,New Text,New Text
text_texte_raz_code_install_centre_defaut,Cette action remet le code installation par défaut 1111.,New Text,New Text,New Text,New Text
text_raz_code_install_centre_defaut,RAZ code installation,New Text,New Text,New Text,New Text
text_question_raz_config_usine_centre_defaut,Voulez-vous effacer la configuration et l'historique ?,New Text,New Text,New Text,New Text
text_texte_raz_config_usine_centre_defaut,"Cette action efface les historiques, la configuration et le paramètrage usine pour revenir à une config par défaut.",New Text,New Text,New Text,New Text
text_raz_config_usine_centre_defaut,RAZ config usine,New Text,New Text,New Text,New Text
text_redemarrer_ihm_centre_defaut,"Redémarrer son
IHM","Restart your
HP","Reinicie o seu
BONÉ","Redémarrer sa
PAC","Redémarrer sa
PAC"
text_raz_tps_fonct_centre_defaut,"RAZ des temps
de
fonctionnement",HP test,Teste PAC,Test PAC,Test PAC
text_titre_derog_pression_bp_centre_defaut,"Dérogation
transmetteur de
pression BP",New Text,New Text,New Text,New Text
text_raz_softs_centre_defaut,"RAZ softs en
flash","Test
components","Teste
componentes","Test
composants","Test
composants"
text_raz_log_ether_centre_defaut,"RAZ log
ethernet",HP test,Teste PAC,Test PAC,Test PAC
text_raz_energies_centre_defaut,"RAZ des
énergies","Historical
faults","Histórico
falhas, panes","Historique
des défauts","Historique
des défauts"
text_param_circuit_capt_centre_defaut,Paramètres du circuit captage,New Text,New Text,New Text,New Text
text_param_circuit_prim_centre_defaut,Paramètres du circuit primaire,New Text,New Text,New Text,New Text
text_marche_general_centre_defaut,Souhaitez-vous démarrer votre PAC ?,New Text,New Text,New Text,New Text
text_param_avance_piscine_centre_defaut,Paramètres avancés piscine,New Text,New Text,New Text,New Text
text_choix_fluide_c1_c2_gauche_defaut,Fluide C1 / C2,Maximum thermodynamic cycle duration or deactivate the function,Duração máxima do ciclo termodinâmico ou desativação da função,Durée du cycle thermodynamique max ou désactiver la fonction,Durée du cycle thermodynamique max ou désactiver la fonction
text_titre_cumul_energie_centre_defaut,Compteur énergies cumulées,New Text,New Text,New Text,New Text
text_question_cumul_energie_centre_defaut,Voulez-vous effacer les compteurs d'énergie ?,New Text,New Text,New Text,New Text
text_texte_cumul_energie_centre_defaut,Cette action permet de mettre le compteur des cumuls d'énergie à zéro.,New Text,New Text,New Text,New Text
text_question_date_heure_centre_defaut,"Voulez-vous effacer, changer la date ?",New Text,New Text,New Text,New Text
text_texte_date_heure_centre_defaut,Le changement de date peut agir sur les historiques.,New Text,New Text,New Text,New Text
text_valeur_type_capteur_nappe_directe_centre_defaut,Nappe directe,New Text,New Text,New Text,New Text
text_valeur_type_capteur_capteur_centre_defaut,Capteur,New Text,New Text,New Text,New Text
text_geotwin_iv_centre_defaut,GEOTWIN_IV,New Text,New Text,New Text,New Text
text_vacances_off_centre_defaut,Sélectionner les zones sur lesquelles vous souhaitez conserver une consigne pendant vos vacances,New Text,New Text,New Text,New Text
text_question_freecooling_centre_defaut,Voulez-vous activer le mode freecooling ?,New Text,New Text,New Text,New Text
text_texte_freecooling_centre_defaut,"Cette action active le mode freecooling, pour le mode rafraichissement de la PAC",New Text,New Text,New Text,New Text
text_titre_freecooling_centre_defaut,Mode freecooling,New Text,New Text,New Text,New Text
text_texte_raz_config_centre_defaut,Cette action efface la configuration pour revenir à une configuration par défaut.,New Text,New Text,New Text,New Text
text_question_raz_config_centre_defaut,Voulez-vous effacer la configuration ?,New Text,New Text,New Text,New Text
text_question_chauffe_dalle_centre_defaut,Voulez-vous activer la mise en chauffe dalle ?,New Text,New Text,New Text,New Text
text_gainable_centre_defaut,Gainable,New Text,New Text,New Text,New Text
text_ventilo_centre_defaut,Ventilo-convect.,New Text,New Text,New Text,New Text
text_radiateur_centre_defaut,Radiateur,New Text,New Text,New Text,New Text
text_plancher_centre_defaut,Plancher,New Text,New Text,New Text,New Text
text_choix_fluide_c1_gauche_defaut,Fluide C1,Maximum thermodynamic cycle duration or deactivate the function,Duração máxima do ciclo termodinâmico ou desativação da função,Durée du cycle thermodynamique max ou désactiver la fonction,Durée du cycle thermodynamique max ou désactiver la fonction
text_type_capteur_gauche_defaut,Type de capteur,Maximum thermodynamic cycle duration or deactivate the function,Duração máxima do ciclo termodinâmico ou desativação da função,Durée du cycle thermodynamique max ou désactiver la fonction,Durée du cycle thermodynamique max ou désactiver la fonction
text_appoint_ecs_centre_defaut,Appoint ECS,Heating adding,Suplemento,Appoint,Appoint
text_legionel_centre_defaut,Le cycle anti-legionellose force la température d'eau ECS à 65°C une fois par semaine,Do you want to force a DHW cycle?,Quer forçar um ciclo de AQS?,Voulez-vous forcer un cycle ECS ?,Voulez-vous forcer un cycle ECS ?
text_question_legionel_centre_defaut,Voulez-vous programmer un cycle anti-légionellose hebdomadaire ?,Do you want to force a DHW cycle?,Quer forçar um ciclo de AQS?,Voulez-vous forcer un cycle ECS ?,Voulez-vous forcer un cycle ECS ?
text_temp_ballon_externe_centre_defaut,T°C eau,New Text,New Text,New Text,New Text
text_pression_bars_centre_defaut,Bars,Bars,Bars,Bars,Bars
text_histo_z2_centre_defaut,Z2,New Text,New Text,New Text,New Text
text_histo_z1_centre_defaut,Z1,New Text,New Text,New Text,New Text
text_histo_d_gauche_defaut,D,New Text,New Text,New Text,New Text
text_histo_r_gauche_defaut,R,New Text,New Text,New Text,New Text
text_histo_b_gauche_defaut,B,New Text,New Text,New Text,New Text
text_histo_eau_centre_large,Historique températures d'eau,New Text,New Text,New Text,New Text
text_histo_centre_large,Historique températures,New Text,New Text,New Text,New Text
text_histo_temp_gauche_defaut,<Value>°C,<Value>°C,<Value>°C,<Value>°C,<Value>°C
text_histo_ecs_gauche_defaut,ECS,New Text,New Text,New Text,New Text
text_histo_chaud_gauche_defaut,Chaud,Heat,Quente,Chaud,Chaud
text_histo_etat_droite_defaut,Etat,Etat,Etat,Etat,Etat
text_histo_appoint_droite_defaut,Appoint,Heating adding,Suplemento,Appoint,Appoint
text_10_histo_fct_centre_defaut,-10,New Text,New Text,New Text,New Text
text_60_histo_fct_centre_defaut,-60 mn,New Text,New Text,New Text,New Text
text_0_histo_fct_centre_defaut,0,New Text,New Text,New Text,New Text
__SingleUse_3YR5,0,New Text,New Text,New Text,New Text
__SingleUse_ZLTV,1,New Text,New Text,New Text,New Text
__SingleUse_YTOR,2,New Text,New Text,New Text,New Text
__SingleUse_1UG0,3,New Text,New Text,New Text,New Text
__SingleUse_A0QI,4,New Text,New Text,New Text,New Text
__SingleUse_POJK,5,New Text,New Text,New Text,New Text
__SingleUse_C9K2,6,New Text,New Text,New Text,New Text
__SingleUse_B570,7,New Text,New Text,New Text,New Text
__SingleUse_5HH9,8,New Text,New Text,New Text,New Text
__SingleUse_0BMT,9,New Text,New Text,New Text,New Text
__SingleUse_X0Z1,0,New Text,New Text,New Text,New Text
__SingleUse_B43E,9,New Text,New Text,New Text,New Text
__SingleUse_FCCA,8,New Text,New Text,New Text,New Text
__SingleUse_8RAS,7,New Text,New Text,New Text,New Text
__SingleUse_NX1L,6,New Text,New Text,New Text,New Text
__SingleUse_ZARN,5,New Text,New Text,New Text,New Text
__SingleUse_B8UR,4,New Text,New Text,New Text,New Text
__SingleUse_P3GW,3,New Text,New Text,New Text,New Text
__SingleUse_ZTTV,2,New Text,New Text,New Text,New Text
__SingleUse_N9QI,1,New Text,New Text,New Text,New Text
text_num_pac_centre_defaut,Numéro de PAC,New Text,New Text,New Text,New Text
text_var_sys_config_mode_secours_defaut_pac_gauche_defaut,<Value> : Config : mode secours en cas de défaut PAC,<Value> : Température ECS milieu,<Value> : Température ECS milieu,<Value> : Température ECS milieu,<Value> : Température ECS milieu
text_var_sys_config_chaud_froid_simu_gauche_defaut,<Value> : Config : chaud / froid simultané,<Value> : Température ECS milieu,<Value> : Température ECS milieu,<Value> : Température ECS milieu,<Value> : Température ECS milieu
text_var_sys_config_adapt_loi_eau_gauche_defaut,<Value> : Config : adaptation loi d'eau,<Value> : Température ECS milieu,<Value> : Température ECS milieu,<Value> : Température ECS milieu,<Value> : Température ECS milieu
text_var_sys_config_ecs_hyst_piscine_gauche_defaut,<Value> : Config : hystérésis sonde eau : piscine,<Value> : Température ECS milieu,<Value> : Température ECS milieu,<Value> : Température ECS milieu,<Value> : Température ECS milieu
text_var_sys_config_ecs_hyst_ecs_gauche_defaut,<Value> : Config : hystérésis sonde eau : ECS,<Value> : Température ECS milieu,<Value> : Température ECS milieu,<Value> : Température ECS milieu,<Value> : Température ECS milieu
text_var_sys_config_ecs_hyst_chaud_froid_gauche_defaut,<Value> : Config : hystérésis sonde eau : chaud / froid,<Value> : Température ECS milieu,<Value> : Température ECS milieu,<Value> : Température ECS milieu,<Value> : Température ECS milieu
text_var_sys_config_ecs_piscine_confort_gauche_defaut,<Value> : Config : piscine gestion confort,<Value> : Température ECS milieu,<Value> : Température ECS milieu,<Value> : Température ECS milieu,<Value> : Température ECS milieu
text_var_sys_config_ecs_bain_marie_gauche_defaut,<Value> : Config : ECS bain marie,<Value> : Température ECS milieu,<Value> : Température ECS milieu,<Value> : Température ECS milieu,<Value> : Température ECS milieu
text_var_sys_config_ecs_entree_contact_gauche_defaut,<Value> : Config : ECS prise en compte entrée contact,<Value> : Température ECS milieu,<Value> : Température ECS milieu,<Value> : Température ECS milieu,<Value> : Température ECS milieu
text_var_sys_config_ecs_dem_debut_cycle_gauche_defaut,<Value> : Config : ECS demande forcée en début de cycle,<Value> : Température ECS milieu,<Value> : Température ECS milieu,<Value> : Température ECS milieu,<Value> : Température ECS milieu
text_var_sys_wattmetre_droit_defaut,<Value>  / <Value> pulse(s),<Value> / <Value>,<Value> / <Value>,<Value> / <Value>,<Value> / <Value>
text_var_sys_option_wattmetre_gauche_defaut,<Value> : Option : wattmètre,<Value> : Température ECS milieu,<Value> : Température ECS milieu,<Value> : Température ECS milieu,<Value> : Température ECS milieu
text_ecs_centre_defaut,ECS,New Text,New Text,New Text,New Text
text_var_sys_option_app_ecs_gauche_defaut,<Value> : Option : appoint ECS / mode secours,<Value> : Température ECS milieu,<Value> : Température ECS milieu,<Value> : Température ECS milieu,<Value> : Température ECS milieu
text_var_sys_option_ecs_gauche_defaut,<Value> : Option : ECS,<Value> : Température ECS milieu,<Value> : Température ECS milieu,<Value> : Température ECS milieu,<Value> : Température ECS milieu
text_var_sys_option_piscine_gauche_defaut,<Value> : Option : piscine,<Value> : Température ECS milieu,<Value> : Température ECS milieu,<Value> : Température ECS milieu,<Value> : Température ECS milieu
text_var_sys_nb_zones_droit_defaut,<value> Zone(s),New Text<value>,New Text<value>,New Text<value>,New Text<value>
text_var_sys_option_nb_zones_gauche_defaut,<Value> : Option : nombre de zones,<Value> : Température ECS milieu,<Value> : Température ECS milieu,<Value> : Température ECS milieu,<Value> : Température ECS milieu
text_electrique_droit_defaut,<Value>,<Value>,<Value>,<Value>,<Value>
text_var_sys_option_app_elec_gauche_defaut,<Value> : Option : appoint électrique,<Value> : Température ECS milieu,<Value> : Température ECS milieu,<Value> : Température ECS milieu,<Value> : Température ECS milieu
text_var_sys_signal_auto_piscine_gauche_defaut,<Value> : Signal autorisation piscine,<Value> : Autoriation cycle antilégionellose,<Value> : Autoriation cycle antilégionellose,<Value> : Autoriation cycle antilégionellose,<Value> : Autoriation cycle antilégionellose
text_off_droite_defaut,Off,Off,Off,Off,Off
text_var_sys_tps_rotation_v3v_piscine_gauche_defaut,<Value> : Temps de rotation de la V3V directionnelle piscine,<Value> : Autoriation cycle antilégionellose,<Value> : Autoriation cycle antilégionellose,<Value> : Autoriation cycle antilégionellose,<Value> : Autoriation cycle antilégionellose
text_var_sys_value_piscine_droit_defaut,<Value>,<Value>,<Value>,<Value>,<Value>
text_var_sys_option_relance_gauche_defaut,<Value> : Option de relance : priorité piscine,<Value> : Consigne température ECS,<Value> : Consigne température ECS,<Value> : Consigne température ECS,<Value> : Consigne température ECS
text_var_sys_releve_chaudiere_droite_defaut,Relève chaudière,New Text,New Text,New Text,New Text
text_var_sys_appoint_chaudiere_droite_defaut,Appoint chaudière,New Text,New Text,New Text,New Text
text_var_sys_hyst_piscine_gauche_defaut,<Value> : Hystérésis sonde eau piscine,<Value> : Consigne température ECS,<Value> : Consigne température ECS,<Value> : Consigne température ECS,<Value> : Consigne température ECS
text_var_sys_consigne_eau_prim_piscine_gauche_defaut,<Value> : Consigne température départ eau primaire piscine,<Value> : Consigne température ECS,<Value> : Consigne température ECS,<Value> : Consigne température ECS,<Value> : Consigne température ECS
text_var_sys_consigne_piscine_gauche_defaut,<Value> : Consigne température eau piscine,<Value> : Consigne température ECS,<Value> : Consigne température ECS,<Value> : Consigne température ECS,<Value> : Consigne température ECS
text_var_sys_temp_piscine_gauche_defaut,<Value> : Température piscine,<Value> : Température ECS milieu,<Value> : Température ECS milieu,<Value> : Température ECS milieu,<Value> : Température ECS milieu
text_var_sys_fin_cycle_thermo_gauche_defaut,<Value> : Fin de cycle thermodynamique,<Value> : Autoriation cycle antilégionellose,<Value> : Autoriation cycle antilégionellose,<Value> : Autoriation cycle antilégionellose,<Value> : Autoriation cycle antilégionellose
text_var_sys_temps_sec_droit_defaut,<Value> s,<Value>°C,<Value>°C,<Value>°C,<Value>°C
text_var_sys_tps_rotation_v3v_gauche_defaut,<Value> : Temps de rotation de la V3V directionnelle ECS,<Value> : Autoriation cycle antilégionellose,<Value> : Autoriation cycle antilégionellose,<Value> : Autoriation cycle antilégionellose,<Value> : Autoriation cycle antilégionellose
text_var_sys_temps_min_droit_defaut,<Value> min,<Value>°C,<Value>°C,<Value>°C,<Value>°C
text_var_sys_duree_cycle_thermo_ecs_gauche_defaut,<Value> : Durée du cycle en thermodynamique ECS,<Value> : Autoriation cycle antilégionellose,<Value> : Autoriation cycle antilégionellose,<Value> : Autoriation cycle antilégionellose,<Value> : Autoriation cycle antilégionellose
text_var_sys_value_droit_defaut,<Value>,<Value>°C,<Value>°C,<Value>°C,<Value>°C
text_var_sys_auto_cycle_antilegionel_gauche_defaut,<Value> : Autoriation cycle antilégionellose,<Value> : Autoriation cycle antilégionellose,<Value> : Autoriation cycle antilégionellose,<Value> : Autoriation cycle antilégionellose,<Value> : Autoriation cycle antilégionellose
text_var_sys_appoint_ecs_gauche_defaut,<Value> : Appoint ECS : autorisation / état,<Value> : Consigne température ECS,<Value> : Consigne température ECS,<Value> : Consigne température ECS,<Value> : Consigne température ECS
text_var_sys_hyst_ecs_gauche_defaut,<Value> : Hystérésis sonde eau ECS,<Value> : Consigne température ECS,<Value> : Consigne température ECS,<Value> : Consigne température ECS,<Value> : Consigne température ECS
text_var_sys_consigne_relance_ecs_gauche_defaut,<Value> : Consigne température relance ECS,<Value> : Consigne température ECS,<Value> : Consigne température ECS,<Value> : Consigne température ECS,<Value> : Consigne température ECS
text_var_sys_consigne_ecs_gauche_defaut,<Value> : Consigne température ECS,<Value> : Consigne température ECS,<Value> : Consigne température ECS,<Value> : Consigne température ECS,<Value> : Consigne température ECS
text_var_sys_temp_ecs_bas_gauche_defaut,<Value> : Température ECS bas,<Value> : Température ECS milieu,<Value> : Température ECS milieu,<Value> : Température ECS milieu,<Value> : Température ECS milieu
text_var_sys_temp_ecs_milieur_gauche_defaut,<Value> : Température ECS milieu,<Value> : Température ECS milieu,<Value> : Température ECS milieu,<Value> : Température ECS milieu,<Value> : Température ECS milieu
text_groupe_A_gainable_centre_defaut,Groupe A (gainable),New Text,New Text,New Text,New Text
text_modbus_droit_defaut,Modbus,On,On,On,On
text_var_sys_cons_registre_gauche_defaut,<Value> : Consigne registre Z<Value>,<Value> : Température d'eau départ groupe <Value>,<Value> : Température d'eau départ groupe <Value>,<Value> : Température d'eau départ groupe <Value>,<Value> : Température d'eau départ groupe <Value>
text_var_sys_debit_gauche_defaut,<Value> : Débit Z<Value>,<Value> : Mode du groupe <Value>,<Value> : Mode du groupe <Value>,<Value> : Mode du groupe <Value>,<Value> : Mode du groupe <Value>
text_var_sys_cons_eau_gauche_defaut,<Value> : Consigne température d'eau départ Z<Value>,<Value> : Consigne température d'eau départ groupe <Value>,<Value> : Consigne température d'eau départ groupe <Value>,<Value> : Consigne température d'eau départ groupe <Value>,<Value> : Consigne température d'eau départ groupe <Value>
text_var_sys_temp_ret_gauche_defaut,<Value> : Température d'eau retour Z<Value>,<Value> : Température d'eau retour groupe <Value>,<Value> : Température d'eau retour groupe <Value>,<Value> : Température d'eau retour groupe <Value>,<Value> : Température d'eau retour groupe <Value>
text_var_sys_temp_dep_gauche_defaut,<Value> : Température d'eau départ Z<Value>,<Value> : Température d'eau départ groupe <Value>,<Value> : Température d'eau départ groupe <Value>,<Value> : Température d'eau départ groupe <Value>,<Value> : Température d'eau départ groupe <Value>
text_var_sys_type_sonde_amb_gauche_defaut,<Value> : Type sonde d'ambiance Z<Value>,<Value> : Circulateur groupe <Value>,<Value> : Circulateur groupe <Value>,<Value> : Circulateur groupe <Value>,<Value> : Circulateur groupe <Value>
text_var_sys_hyst_sonde_int_gauche_defaut,<Value> : Hystérésis sonde intérieure Z<Value>,<Value> : Consigne température d'eau départ groupe <Value>,<Value> : Consigne température d'eau départ groupe <Value>,<Value> : Consigne température d'eau départ groupe <Value>,<Value> : Consigne température d'eau départ groupe <Value>
text_var_sys_consigne_interieure_gauche_defaut,<Value> : Consigne intérieure Z<Value>,<Value> : Température d'eau retour groupe <Value>,<Value> : Température d'eau retour groupe <Value>,<Value> : Température d'eau retour groupe <Value>,<Value> : Température d'eau retour groupe <Value>
text_1_nom_zone_centre_defaut,1,New Text,New Text,New Text,New Text
text_var_sys_temp_interieure_gauche_defaut,<Value> : Température intérieure Z<Value>,<Value> : Température d'eau départ groupe <Value>,<Value> : Température d'eau départ groupe <Value>,<Value> : Température d'eau départ groupe <Value>,<Value> : Température d'eau départ groupe <Value>
text_1_centre_defaut,1,New Text,New Text,New Text,New Text
text_var_sys_mode_zone_gauche_defaut,<Value> : Mode Z<Value>,<Value> : Mode du groupe <Value>,<Value> : Mode du groupe <Value>,<Value> : Mode du groupe <Value>,<Value> : Mode du groupe <Value>
text_var_sys_cons_ventil_groupe_gauche_defaut,<Value> : Consigne ventilateur <Value>,<Value> : Consigne ventilateur groupe <Value>,<Value> : Consigne ventilateur groupe <Value>,<Value> : Consigne ventilateur groupe <Value>,<Value> : Consigne ventilateur groupe <Value>
text_var_sys_cons_v3v_groupe_gauche_defaut,<Value> : Consigne vanne 3 voies <Value>,<Value> : Consigne vanne 3 voies groupe <Value>,<Value> : Consigne vanne 3 voies groupe <Value>,<Value> : Consigne vanne 3 voies groupe <Value>,<Value> : Consigne vanne 3 voies groupe <Value>
text_var_sys_circ_groupe_gauche_defaut,<Value> : Circulateur <Value>,<Value> : Circulateur groupe <Value>,<Value> : Circulateur groupe <Value>,<Value> : Circulateur groupe <Value>,<Value> : Circulateur groupe <Value>
text_var_sys_cons_eau_groupe_gauche_defaut,<Value> : Consigne température d'eau départ <Value>,<Value> : Consigne température d'eau départ groupe <Value>,<Value> : Consigne température d'eau départ groupe <Value>,<Value> : Consigne température d'eau départ groupe <Value>,<Value> : Consigne température d'eau départ groupe <Value>
text_var_sys_cons_temp_prim_gauche_defaut,<Value> : Consigne température primaire,<Value> : Marche arrêt général,<Value> : Marche arrêt général,<Value> : Marche arrêt général,<Value> : Marche arrêt général
text_var_sys_temp_dep_groupe_gauche_defaut,<Value> : Température d'eau départ <Value>,<Value> : Température d'eau départ groupe <Value>,<Value> : Température d'eau départ groupe <Value>,<Value> : Température d'eau départ groupe <Value>,<Value> : Température d'eau départ groupe <Value>
text_groupe_A_centre_defaut,Groupe B,New Text,New Text,New Text,New Text
text_var_sys_mode_groupe_gauche_defaut,<Value> : Mode <Value>,<Value> : Mode du groupe <Value>,<Value> : Mode du groupe <Value>,<Value> : Mode du groupe <Value>,<Value> : Mode du groupe <Value>
text_var_sys_mise_sous_tension_gauche_defaut,<Value> : Temps mise sous tension PAC,<Value> : Marche arrêt général,<Value> : Marche arrêt général,<Value> : Marche arrêt général,<Value> : Marche arrêt général
text_var_sys_heure_droit_defaut,<Value> h,<Value> W,<Value> W,<Value> W,<Value> W
text_var_sys_puissance_consommee_gauche_defaut,<Value> : Puissance consommée instantanée,<Value> : Marche arrêt général,<Value> : Marche arrêt général,<Value> : Marche arrêt général,<Value> : Marche arrêt général
text_var_sys_puissance_droit_defaut,<Value> W,<Value> W,<Value> W,<Value> W,<Value> W
text_var_sys_puissance_produite_gauche_defaut,<Value> : Puissance produite instantanée,<Value> : Marche arrêt général,<Value> : Marche arrêt général,<Value> : Marche arrêt général,<Value> : Marche arrêt général
text_var_sys_appoint_en_cours_gauche_defaut,<Value> : Max power / appoint en cours,<Value> : Marche arrêt général,<Value> : Marche arrêt général,<Value> : Marche arrêt général,<Value> : Marche arrêt général
text_var_sys_hysteresis_sonde_ext_gauche_defaut,<Value> : Hystérésis sonde extérieure,<Value> : Marche arrêt général,<Value> : Marche arrêt général,<Value> : Marche arrêt général,<Value> : Marche arrêt général
text_var_sys_temp_ext_equilibre_gauche_defaut,<Value> : Température extérieure d'équilibre,<Value> : Marche arrêt général,<Value> : Marche arrêt général,<Value> : Marche arrêt général,<Value> : Marche arrêt général
text_var_sys_consigne_appoint_gauche_defaut,<Value> : Consigne puissance appoint chauffage,<Value> : Marche arrêt général,<Value> : Marche arrêt général,<Value> : Marche arrêt général,<Value> : Marche arrêt général
text_var_sys_config_appoint_droit_defaut,<Value> / <Value>,<Value> / <Value>,<Value> / <Value>,<Value> / <Value>,<Value> / <Value>
text_var_sys_config_appoint_gauche_defaut,<Value> : Autorisation et configuration appoint chauffage,<Value> : Marche arrêt général,<Value> : Marche arrêt général,<Value> : Marche arrêt général,<Value> : Marche arrêt général
text_var_sys_chiffre_droit_defaut,2,New Text,New Text,New Text,New Text
text_var_sys_cascade_pac_on_dispo_gauche_defaut,<Value> : Cascade : nombre de PAC : ON / dispo,<Value> : Marche arrêt général,<Value> : Marche arrêt général,<Value> : Marche arrêt général,<Value> : Marche arrêt général
text_var_sys_cascade_nombre_pac_gauche_defaut,<Value> : Cascade : nombre de PAC : présence / total déclaré,<Value> : Marche arrêt général,<Value> : Marche arrêt général,<Value> : Marche arrêt général,<Value> : Marche arrêt général
text_var_sys_cascade_demande_gauche_defaut,<Value> : Cascade : demande et température,<Value> : Marche arrêt général,<Value> : Marche arrêt général,<Value> : Marche arrêt général,<Value> : Marche arrêt général
text_var_sys_cons_circ_val_droit_defaut,80,New Text,New Text,New Text,New Text
text_var_sys_hysteresis_droit_defaut,<Value><Value>,<Value> / <Value>,<Value> / <Value>,<Value> / <Value>,<Value> / <Value>
text_var_sys_hysteresis_prim_gauche_defaut,<Value> : Hystérésis sonde ballon,<Value> : Marche arrêt général,<Value> : Marche arrêt général,<Value> : Marche arrêt général,<Value> : Marche arrêt général
text_var_sys_ballon_tampon_gauche_defaut,<Value> : Température d'eau ballon tampon,<Value> : Marche arrêt général,<Value> : Marche arrêt général,<Value> : Marche arrêt général,<Value> : Marche arrêt général
text_var_sys_vide_gauche_defaut,<Value> :,<Value> : Marche arrêt général,<Value> : Marche arrêt général,<Value> : Marche arrêt général,<Value> : Marche arrêt général
text_unite_exterieure_centre_defaut,Unité extérieure,New Text,New Text,New Text,New Text
text_var_sys_demande_pac_gauche_defaut,<Value> : Demande PAC et température d'eau,<Value> : Marche arrêt général,<Value> : Marche arrêt général,<Value> : Marche arrêt général,<Value> : Marche arrêt général
text_var_sys_chaud_droit_defaut,Chaud,New Text,New Text,New Text,New Text
text_var_sys_demande_pac_droit_defaut,<Value> <Value>,<Value> <Value>°C,<Value> <Value>°C,<Value> <Value>°C,<Value> <Value>°C
text_var_sys_pilotage_circualteur_droit_defaut,<Value> / <Value>,<Value> / <Value>,<Value> / <Value>,<Value> / <Value>,<Value> / <Value>
text_var_sys_cons_circ_prim_gauche_defaut,<Value> : Consigne circulateur primaire,<Value> : Marche arrêt général,<Value> : Marche arrêt général,<Value> : Marche arrêt général,<Value> : Marche arrêt général
text_var_sys_circ_prim_gauche_defaut,<Value> : Circulateur primaire : forcé/gestion,<Value> : Marche arrêt général,<Value> : Marche arrêt général,<Value> : Marche arrêt général,<Value> : Marche arrêt général
text_var_sys_pourcentage_droit_defaut,<Value>,<Value>,<Value>,<Value>,<Value>
text_regul_directe_droite_defaut,Directe,Directe,Directe,Directe,Directe
text_var_sys_type_regul_gauche_defaut,<Value> : Type de régulation,<Value> : Marche arrêt général,<Value> : Marche arrêt général,<Value> : Marche arrêt général,<Value> : Marche arrêt général
text_var_sys_pression_droit_defaut,<Value> bars,<Value>°C,<Value>°C,<Value>°C,<Value>°C
text_var_sys_pression_prim_gauche_defaut,<Value> : Pression d'eau primaire,<Value> : Marche arrêt général,<Value> : Marche arrêt général,<Value> : Marche arrêt général,<Value> : Marche arrêt général
text_var_sys_debit_droit_defaut,<Value> l/h,<Value>°C,<Value>°C,<Value>°C,<Value>°C
text_var_sys_debit_prim_gauche_defaut,<Value> : Débit primaire,<Value> : Marche arrêt général,<Value> : Marche arrêt général,<Value> : Marche arrêt général,<Value> : Marche arrêt général
text_var_sys_temp_ret_prim_gauche_defaut,<Value> : Température d'eau retour primaire,<Value> : Marche arrêt général,<Value> : Marche arrêt général,<Value> : Marche arrêt général,<Value> : Marche arrêt général
text_var_sys_temp_dep_prim_gauche_defaut,<Value> : Température d'eau départ primaire,<Value> : Marche arrêt général,<Value> : Marche arrêt général,<Value> : Marche arrêt général,<Value> : Marche arrêt général
text_var_sys_temp_ret_groupe_gauche_defaut,<Value> : Température d'eau retour <Value>,<Value> : Température d'eau retour groupe <Value>,<Value> : Température d'eau retour groupe <Value>,<Value> : Température d'eau retour groupe <Value>,<Value> : Température d'eau retour groupe <Value>
text_var_sys_geo_val_type_captage,<Value>,<Value>°C,<Value>°C,<Value>°C,<Value>°C
text_var_sys_temp_ext_gauche_defaut,<Value> : Température extérieure,<Value> : Marche arrêt général,<Value> : Marche arrêt général,<Value> : Marche arrêt général,<Value> : Marche arrêt général
text_var_sys_on_droit_defaut,On,New Text,New Text,New Text,New Text
text_var_sys_marche_arret_gauche_defaut,<Value> : Marche arrêt général,<Value> : Marche arrêt général,<Value> : Marche arrêt général,<Value> : Marche arrêt général,<Value> : Marche arrêt général
text_frigo_centre_defaut,Frigo,New Text,New Text,New Text,New Text
text_config_in_out_centre_defaut,"Config
In/Out",New Text,New Text,New Text,New Text
text_option_centre_defaut,Option(s),New Text,New Text,New Text,New Text
text_groupe_centre_defaut,Groupe(s),New Text,New Text,New Text,New Text
text_zone_centre_defaut,Zone(s),New Text,New Text,New Text,New Text
text_primaire_centre_defaut,Primaire,New Text,New Text,New Text,New Text
text_date_centre_defaut,<value>,<value>,<value>,<value>,<value>
text_raz_centre_defaut,RAZ,New Text,New Text,New Text,New Text
text_energies_janvier_centre_defaut,Jan,Jan,Jan,Jan,Jan
text_mois_gauche_defaut,Mois,New Text,New Text,New Text,New Text
text_kwh_centre_defaut,kWh,New Text,New Text,New Text,New Text
text_pac_centre_large,PAC,Maximum thermodynamic cycle duration or deactivate the function,Duração máxima do ciclo termodinâmico ou desativação da função,Durée du cycle thermodynamique max ou désactiver la fonction,Durée du cycle thermodynamique max ou désactiver la fonction
text_energies_cumul_init_centre_defaut,2440,New Text,New Text,New Text,New Text
text_energies_cumul_centre_defaut,<Value>,<Value>,<Value>,<Value>,<Value>
text_12_mois_centre_defaut,12 mois,New Text,New Text,New Text,New Text
text_24_jours_centre_defaut,24 jours,New Text,New Text,New Text,New Text
text_24_heures_centre_defaut,24 heures,New Text,New Text,New Text,New Text
text_chauffe_dalle_j1_centre_defaut,J1,New Text,New Text,New Text,New Text
text_chauffe_dalle_j2_centre_defaut,J2,New Text,New Text,New Text,New Text
text_chauffe_dalle_j3_centre_defaut,J3,New Text,New Text,New Text,New Text
text_chauffe_dalle_j4_centre_defaut,J4,New Text,New Text,New Text,New Text
text_chauffe_dalle_j5_centre_defaut,J5,New Text,New Text,New Text,New Text
text_chauffe_dalle_j6_centre_defaut,J6,New Text,New Text,New Text,New Text
text_chauffe_dalle_j7_centre_defaut,J7,New Text,New Text,New Text,New Text
text_chauffe_dalle_j8_centre_defaut,J8,New Text,New Text,New Text,New Text
text_chauffe_dalle_j9_centre_defaut,J9,New Text,New Text,New Text,New Text
text_chauffe_dalle_j10_centre_defaut,J10,New Text,New Text,New Text,New Text
text_loi_eau_45_deg_centre_defaut,45,New Text,New Text,New Text,New Text
text_loi_eau_35_deg_centre_defaut,35,New Text,New Text,New Text,New Text
text_loi_eau_25_deg_centre_defaut,25,New Text,New Text,New Text,New Text
text_loi_eau_init_centre_defaut,25,New Text,New Text,New Text,New Text
text_loi_eau_centre_defaut,<Value>,<Value>,<Value>,<Value>,<Value>
text_loi_eau_m20_deg_centre_defaut,"-20
",New Text,New Text,New Text,New Text
text_loi_eau_m25_deg_centre_defaut,-25,New Text,New Text,New Text,New Text
text_loi_eau_m15_deg_centre_defaut,"-15
",New Text,New Text,New Text,New Text
text_loi_eau_m10_deg_centre_defaut,"-10
",New Text,New Text,New Text,New Text
text_loi_eau_m5_deg_centre_defaut,"-5
",New Text,New Text,New Text,New Text
text_loi_eau_0_deg_centre_defaut,"0
",New Text,New Text,New Text,New Text
text_loi_eau_5_deg_centre_defaut,"5
",New Text,New Text,New Text,New Text
text_loi_eau_10_deg_centre_defaut,"10
",New Text,New Text,New Text,New Text
text_loi_eau_15_deg_centre_defaut,"15
",New Text,New Text,New Text,New Text
text_loi_eau_20_deg_centre_defaut,"20
",New Text,New Text,New Text,New Text
text_loi_eau_30_deg_centre_defaut,"30
",New Text,New Text,New Text,New Text
text_loi_eau_40_deg_centre_defaut,40,New Text,New Text,New Text,New Text
text_loi_eau_50_deg_centre_defaut,"50
",New Text,New Text,New Text,New Text
text_loi_eau_60_deg_centre_defaut,"60
",New Text,New Text,New Text,New Text
text_loi_eau_70_deg_centre_defaut,"70
",New Text,New Text,New Text,New Text
text_loi_eau_80_deg_centre_defaut,"80
",New Text,New Text,New Text,New Text
text_regroupement_zones_centre_defaut,Voulez-vous effectuer un regroupement de zones ?,"Voulez-vous activer la gestion ECS
en simultané ?","Voulez-vous activer la gestion ECS
en simultané ?","Voulez-vous activer la gestion ECS
en simultané ?","Voulez-vous activer la gestion ECS
en simultané ?"
text_param_groupe_zone_centre_defaut,Paramétrage des groupes d'eau et des zones,Hysteresis DHW probe,Sonda de histerese para AQS,Hysteresis sonde ECS,Hysteresis sonde ECS
text_param_complementaire_centre_defaut,Paramètres complémentaires,Hysteresis DHW probe,Sonda de histerese para AQS,Hysteresis sonde ECS,Hysteresis sonde ECS
text_on_centre_defaut,On,On,On,On,On
text_resistance_terminaison_centre_defaut,Résistance de terminaison,DHW loop,Ciclo de AQS,Bouclage ECS,Bouclage ECS
text_hysteresis_sonde_ballon_centre_defaut,Hystérésis sonde ballon,Hysteresis DHW probe,Sonda de histerese para AQS,Hysteresis sonde ECS,Hysteresis sonde ECS
text_zones_centre_defaut,Off,Off,Off,Off,Off
text_choix_des_zones_centre_defaut,Choix de zones(s),"Voulez-vous activer la gestion ECS
en simultané ?","Voulez-vous activer la gestion ECS
en simultané ?","Voulez-vous activer la gestion ECS
en simultané ?","Voulez-vous activer la gestion ECS
en simultané ?"
text_repartition_puissance_zones_centre_defaut,Répartition de la puissance entre les zones,Hysteresis DHW probe,Sonda de histerese para AQS,Hysteresis sonde ECS,Hysteresis sonde ECS
text_hysteresis_primaire_centre_defaut,Hystérésis sonde primaire,Hysteresis DHW probe,Sonda de histerese para AQS,Hysteresis sonde ECS,Hysteresis sonde ECS
text_appoint_chauff_centre_defaut,Appoint chauffage,DHW loop,Ciclo de AQS,Bouclage ECS,Bouclage ECS
text_nb_pac_valeur_init_centre_defaut,1,New Text,New Text,New Text,New Text
text_nb_pac_valeur_centre_defaut,<Value>,<Value>,<Value>,<Value>,<Value>
text_nb_pac_centre_defaut,Nombre de PAC,Maximum thermodynamic cycle duration or deactivate the function,Duração máxima do ciclo termodinâmico ou desativação da função,Durée du cycle thermodynamique max ou désactiver la fonction,Durée du cycle thermodynamique max ou désactiver la fonction
text_type_regulation_centre_defaut,Type régulation,Maximum thermodynamic cycle duration or deactivate the function,Duração máxima do ciclo termodinâmico ou desativação da função,Durée du cycle thermodynamique max ou désactiver la fonction,Durée du cycle thermodynamique max ou désactiver la fonction
text_regul_directe_centre_defaut,Directe,Directe,Directe,Directe,Directe
text_circulateurs_arkteos_centre_defaut,Nécessite l'utilisation de circulateurs pilotés,Nécessite l'utilisation de circulateurs pilotés,Nécessite l'utilisation de circulateurs pilotés,Nécessite l'utilisation de circulateurs pilotés,Nécessite l'utilisation de circulateurs pilotés
text_prog_bouclage_ecs_centre_defaut,Progammation bouclage ECS,DHW loop programming,"Programação de loop de AQS
",Progammation bouclage ECS,Progammation bouclage ECS
text_valeur_prog_bouclage_ecs_centre_defaut,Programmation,Programming,Programação,Programmation,Programmation
text_valeur_duree_bouclage_ecs_2_centre_defaut,OFF,OFF,OFF,OFF,OFF
text_valeur_duree_bouclage_ecs_1_centre_defaut,<value>,<value>,<value>,<value>,<value>
text_duree_bouclage_ecs_centre_defaut,Marche forcée bouclage ECS ?,Duration of the exemption?,Duração da isenção?,Marche forcée bouclage ECS ?,Marche forcée bouclage ECS ?
text_code_web_init_centre_defaut,0.0,8496,8496,8496,8496
text_code_web_centre_defaut,Code web : <Value>,<Value>,<Value>,<Value>,<Value>
text_creation_compte_centre_defaut,"Veuillez utiliser le code d'accès web suivant afin de créer votre compte client sur l'espace client Arkteos, et accéder à distance à votre pompe à chaleur.",New Text,New Text,New Text,New Text
text_configuration_centre_defaut,Configuration,New Text,New Text,New Text,New Text
text_configuration_linky_centre_defaut,Linky,Linky,Linky,Linky,Linky
text_configuration_vacances_centre_defaut,Vacances,Holiday,Férias,Vacances,Vacances
text_configuration_secours_centre_defaut,Secours,Rescue,Resgatar,Secours,Secours
text_configuration_parametres_centre_defaut,Paramètres,Settings,Configurações,Paramètres,Paramètres
text_configuration_usine_centre_defaut,Usine,Factory,Fábrica,Usine,Usine
text_configuration_maintenance_centre_defaut,Maintenance,Maintenance,Manutenção,Maintenance,Maintenance
text_configuration_installation_centre_defaut,Installation,Installation,Instalação,Installation,Installation
text_configuration_historique_centre_defaut,Historique,Historical,Histórico,Historique,Historique
text_configuration_energies_centre_defaut,Conso,Consumption,Consumo,Conso,Conso
text_configuration_infos_systemes_centre_defaut,Infos,Info,Info,Infos,Infos
text_dimanche_centre_large,Dimanche,New Text,New Text,New Text,New Text
text_samedi_centre_large,Samedi,New Text,New Text,New Text,New Text
text_vendredi_centre_large,Vendredi,New Text,New Text,New Text,New Text
text_jeudi_centre_large,Jeudi,New Text,New Text,New Text,New Text
text_mercredi_centre_large,Mercredi,New Text,New Text,New Text,New Text
text_mardi_centre_large,Mardi,New Text,New Text,New Text,New Text
text_lundi_centre_large,Lundi,New Text,New Text,New Text,New Text
text_mois_decembre_centre_large,Décembre,New Text,New Text,New Text,New Text
text_mois_novembre_centre_large,Novembre,New Text,New Text,New Text,New Text
text_mois_octobre_centre_large,Octobre,New Text,New Text,New Text,New Text
text_mois_septembre_centre_large,Septembre,New Text,New Text,New Text,New Text
text_mois_aout_centre_large,Aout,New Text,New Text,New Text,New Text
text_mois_juillet_centre_large,Juillet,New Text,New Text,New Text,New Text
text_mois_juin_centre_large,Juin,New Text,New Text,New Text,New Text
text_mois_mai_centre_large,Mai,New Text,New Text,New Text,New Text
text_mois_avril_centre_large,Avril,New Text,New Text,New Text,New Text
text_mois_mars_centre_large,Mars,New Text,New Text,New Text,New Text
text_mois_janvier_centre_large,Janvier,New Text,New Text,New Text,New Text
text_mois_fevrier_centre_large,Février,Février,Février,Février,Février
text_annee_complete_centre_large,<Value>,<Value>,<Value>,<Value>,<Value>
text_annee_complete_init_centre_large,2020,New Text,New Text,New Text,New Text
text_minutes_init_centre_large,25,New Text,New Text,New Text,New Text
text_minutes_centre_large,<Value>,<Value>,<Value>,<Value>,<Value>
text_heure_init_centre_large,11,New Text,New Text,New Text,New Text
text_heure_centre_large,<Value>,<Value>,<Value>,<Value>,<Value>
text_annee_init_centre_large,20,New Text,New Text,New Text,New Text
text_annee_centre_large,<Value>,<Value>,<Value>,<Value>,<Value>
text_mois_init_centre_large,02,New Text,New Text,New Text,New Text
text_mois_centre_large,<Value>,<Value>,<Value>,<Value>,<Value>
text_jours_init_centre_large,02,02,02,02,02
text_jours_centre_large,<Value>,<Value>,<Value>,<Value>,<Value>
test_date_heure_centre_defaut,"Lorsque votre pompe à chaleur est connectée, la date et l'heure sont automatiquement synchronisées et mis à jour.",New Text,New Text,New Text,New Text
text_consigne_derog_ext_centre_defaut,Consigne de la température d'eau de la dérogation ?,New Text,New Text,New Text,New Text
text_question_derog_centre_defaut,Voulez-vous activer un cycle de dérogation chauffage/rafraichissement ?,Do you want to activate a heating/cooling override cycle?,Deseja ativar um ciclo de cancelamento de aquecimento?,Voulez-vous activer un cycle de dérogation chauffage ?,Voulez-vous activer un cycle de dérogation chauffage ?
text_oui_derog_centre_defaut,Oui,Yes,Sim,Oui,Oui
text_non_derog_centre_defaut,Non,No,Não,Non,Non
text_valeur_duree_derog_centre_defaut,<value>,<value>,<value>,<value>,<value>
text_valeur_duree_derog_init_centre_defaut,OFF,OFF,OFF,OFF,OFF
text_duree_derog_centre_defaut,Durée de la dérogation ?,Duration of the exemption?,Duração da isenção?,Durée de la dérogation ?,Durée de la dérogation ?
text_valeur_consigne_derog_2_centre_defaut,0.0,0.0°C,0.0°C,0.0°C,0.0°C
text_consigne_derog_centre_defaut,Consigne d'ambiance de la dérogation ?,Ambient instruction of the exemption?,Instrução ambiental da isenção?,Consigne d'ambiance de la dérogation ?,Consigne d'ambiance de la dérogation ?
text_valeur_consigne_derog_1_centre_defaut,<value>,<value>,<value>,<value>,<value>
text_question_derog_ecs_centre_defaut,Voulez-vous forcer un cycle ECS ?,Do you want to force a DHW cycle?,Quer forçar um ciclo de AQS?,Voulez-vous forcer un cycle ECS ?,Voulez-vous forcer un cycle ECS ?
text_non_derog_ecs_centre_defaut,Non,No,Não,Non,Non
text_oui_derog_ecs_centre_defaut,Oui,Yes,Sim,Oui,Oui
text_arret_general_centre_defaut,Souhaitez-vous arrêter votre PAC ?,New Text,New Text,New Text,New Text
text_question_centre_defaut,<Value>,<value>,<value>,<Value>,<Value>
text_question_2_centre_defaut,Question oui non ?,Question yes no?,Pergunta sim não?,Question oui non ?,Question oui non ?
text_non_centre_defaut,Non,No,Não,Non,Non
text_oui_centre_defaut,Oui,Yes,Sim,Oui,Oui
bouton_on_2_text_centre_defaut,On,New Text,New Text,On,On
bouton_on_1_text_centre_defaut,<Value>,<Value>,<Value>,<Value>,<Value>
text_bouton_on_off_2_gauche_defaut,Bouton On/Off,New Text,New Text,Bouton On/Off,Bouton On/Off
text_bouton_on_off_1_gauche_defaut,<Value>,<Value>,<Value>,<Value>,<Value>
text_temp_cons_centre_defaut,Température de consigne,Température de consigne,Température de consigne,Température de consigne,Température de consigne
text_ecs_temp_rose_centre_defaut,<value>°C,New Text<value>,New Text<value>,New Text<value>,New Text<value>
text_ecs_temp_rose_init_centre_defaut,60.0,New Text,New Text,New Text,New Text
text_temp_relance_ecs_centre_defaut,Température de relance,Température de consigne,Température de consigne,Température de consigne,Température de consigne
text_ecs_temp_gris_centre_defaut,<value>°C,New Text<value>,New Text<value>,New Text<value>,New Text<value>
text_hysteresis_val_centre_defaut,Non,New Text,New Text,New Text,New Text
text_ecs_bouclage_centre_defaut,Bouclage,Looping,Looping,Bouclage,Bouclage
text_ecs_derog_centre_defaut,Dérogation ECS,Exemption,Isenção,Dérogation,Dérogation
text_ecs_marche_centre_defaut,Marche/prog,Run/prog,Executar/prog,Marche/prog,Marche/prog
text_ecs_arret_centre_defaut,Arrêt,Stop,Parar,Arrêt,Arrêt
text_erreur_1_liste_gauche_defaut,<value>,<value>,<value>,<value>,<value>
text_erreur_2_liste_gauche_defaut,Erreur : communication carte FRIGO,New Text,New Text,Erreur : communication carte FRIGO,Erreur : communication carte FRIGO
num_erreur_liste_centre_defaut,120,120,120,120,120
text_barre_titre_2_centre_defaut,2,New Text,New Text,2,2
text_barre_titre_1_centre_defaut,1,New Text,New Text,1,1
date_text_2_centre_defaut,02/02/20,New Text,New Text,02/02/20,02/02/20
heure_text_2_centre_defaut,11:25,New Text,New Text,11:25,11:25
titre_text_2_centre_large,Titre,New Text,New Text,Titre,Titre
num_alerte_centre_defaut,200,200,200,200,200
num_erreur_centre_defaut,120,120,120,120,120
date_text_1_centre_defaut,<value>,<value>,<value>,<value>,<value>
heure_text_1_centre_defaut,<value>,<value>,<value>,<value>,<value>
text_marche_centre_defaut,Marche,Stop,Parar,Arrêt,Arrêt
text_ecs_milieu_centre_defaut,<Value>,<Value>,<Value>,<Value>,<Value>
text_ecs_bas_centre_defaut,<Value>,<Value>,<Value>,<Value>,<Value>
text_ecs_milieu_init_centre_defaut,0.0,New Text,New Text,New Text,New Text
text_ecs_bas_init_centre_defaut,0.0,New Text,New Text,New Text,New Text
text_etat_centre_defaut,Etat,Etat,Etat,Etat,Etat
text_temp_ext_centre_defaut,<Value>,<Value>,<Value>,<Value>,<Value>
text_temp_ext_init_centre_defaut,0.0,New Text,New Text,New Text,New Text
text_pression_centre_defaut,<Value> bars,<Value>,<Value>,<Value>,<Value>
text_pression_init_centre_defaut,0.0,New Text,New Text,New Text,New Text
text_temp_piscine_centre_defaut,<Value>,<Value>,<Value>,<Value>,<Value>
text_temp_piscine_init_centre_defaut,0.0,New Text,New Text,New Text,New Text
text_temp_centre_defaut,<Value>°C,<Value>,<Value>,<Value>,<Value>
text_temp_temp_init_centre_defaut,0.0,New Text,New Text,New Text,New Text
text_temp_zone_1_centre_defaut,<Value>,<Value>,<Value>,<Value>,<Value>
text_temp_zone_1_init_centre_defaut,0.0,New Text,New Text,New Text,New Text
text_temp_zone_2_centre_defaut,<Value>,<Value>,<Value>,<Value>,<Value>
text_temp_zone_2_init_centre_defaut,0.0,New Text,New Text,New Text,New Text
text_accueil_ecs_centre_defaut,Chauffe-eau,Water heater,Sanitária água,Chauffe-eau,Chauffe-eau
text_accueil_piscine_centre_defaut,Piscine,Pool,Piscina,Piscine,Piscine
text_accueil_zone_1_centre_defaut,<Value>,<Value>,<Value>,<Value>,<Value>
text_accueil_zone_1_init_centre_defaut,Zone 1,Zone 1,Zone 1,Zone 1,Zone 1
text_accueil_zone_2_centre_defaut,<Value>,<Value>,<Value>,<Value>,<Value>
text_accueil_zone_2_init_centre_defaut,Zone 2,Zone 2,Zone 2,Zone 2,Zone 2
text_shunt_tempo_on_maintenance_centre_defaut,Shunt tempo,Shunt tempo,Tempo desvio,Shunt tempo,Shunt tempo
text_shunt_tempo_off_maintenance_centre_defaut,Shunt tempo,Shunt tempo,Tempo desvio,Shunt tempo,Shunt tempo
text_test_composants_maintenance_centre_defaut,"Test
composants","Test
components","Teste
componentes","Test
composants","Test
composants"
text_derogation_pression_off_maintenance_centre_defaut,"Dérogation
pression","Exemption
pressure","Isenção
pressão","Dérogation
pression","Dérogation
pression"
text_derogation_pression_on_maintenance_centre_defaut,"Dérogation
pression","Exemption
pressure","Isenção
pressão","Dérogation
pression","Dérogation
pression"
text_test_pac_maintenance_centre_defaut,Test PAC,HP test,Teste PAC,Test PAC,Test PAC
text_historique_defauts_maintenance_centre_defaut,"Historique
des défauts","Historical
faults","Histórico
falhas, panes","Historique
des défauts","Historique
des défauts"
text_synoptique_maintenance_centre_defaut,Synoptique,Synoptic,Sinóptico,Synoptique,Synoptique
text_redemarrer_pac_maintenance_centre_defaut,"Redémarrer sa
PAC","Restart your
HP","Reinicie o seu
BONÉ","Redémarrer sa
PAC","Redémarrer sa
PAC"
text_modif_code_maintenance_centre_defaut,"Modifier le
code d'accès","Edit the
access code","Edite o
Código de acesso","Modifier le
code d'accès","Modifier le
code d'accès"
text_raz_histo_erreur_maintenance_centre_defaut,"RAZ histo
erreur","Reset history
error","Redefinir histórico
erro","RAZ histo
erreur","RAZ histo
erreur"
text_variables_systemes_maintenance_centre_defaut,"Variables
système","Variables
system","Variáveis
sistema","Variables
système","Variables
système"
text_fonction_avances_maintenance_centre_defaut,"Fonctions
avancés","Functions
advances","Funções
avanços","Fonctions
avancés","Fonctions
avancés"
text_derogation_pression_maintenance_centre_defaut,"Dérogation
pression","Exemption
pressure","Isenção
pressão","Dérogation
pression","Dérogation
pression"
text_taux_humidite_eleve,Taux Humidité Elevé,New Text,New Text,New Text,New Text
text_normal,Normal,New Text,New Text,New Text,New Text
text_parametres_avances_titre,Paramètres Avancés,New Text,New Text,New Text,New Text
text_vitesse_pompe_de_puits,Vitesse de la pompe de puits,New Text,New Text,New Text,New Text
text_courbe_loi_eau_centre_large,Courbe loi d'eau,New Text,New Text,New Text,New Text
text_config_install_hydrau_centre_large,Configuration de votre installation,New Text,New Text,New Text,New Text
text_regul_esclave_centre_defaut,Esclave,New Text,New Text,New Text,New Text
text_regul_externe_centre_defaut,Externe,New Text,New Text,New Text,New Text
text_regul_multi_zones_centre_defaut,Multi-zones,New Text,New Text,New Text,New Text
text_regul_2_zones_centre_defaut,Ballon tampon 2 zones,New Text,New Text,New Text,New Text
text_hysteresis_ext_centre_defaut,Hystérésis sonde extérieure,Hysteresis DHW probe,Sonda de histerese para AQS,Hysteresis sonde ECS,Hysteresis sonde ECS
text_temp_ext_equilibre_titre_centre_defaut,Température extérieure d'équilibre,Maximum thermodynamic cycle duration or deactivate the function,Duração máxima do ciclo termodinâmico ou desativação da função,Durée du cycle thermodynamique max ou désactiver la fonction,Durée du cycle thermodynamique max ou désactiver la fonction
text_temp_ext_equilibre_value_centre_defaut,0.0,New Text,New Text,New Text,New Text
text_si_defaut_pac_centre_defaut,En cas de défaut PAC,DHW loop,Ciclo de AQS,Bouclage ECS,Bouclage ECS
text_releve_centre_defaut,Relève,New Text,New Text,New Text,New Text
text_gestion_chaudiere_centre_defaut,Gestion chaudière ?,Maximum thermodynamic cycle duration or deactivate the function,Duração máxima do ciclo termodinâmico ou desativação da função,Durée du cycle thermodynamique max ou désactiver la fonction,Durée du cycle thermodynamique max ou désactiver la fonction
text_chaudiere_centre_defaut,Chaudière,New Text,New Text,New Text,New Text
text_appoint_chauffage_centre_defaut,Appoint chauffage ?,Maximum thermodynamic cycle duration or deactivate the function,Duração máxima do ciclo termodinâmico ou desativação da função,Durée du cycle thermodynamique max ou désactiver la fonction,Durée du cycle thermodynamique max ou désactiver la fonction
config_install_hydraulique_centre_defaut,"Configuration
installation
hydraulique",New Text,New Text,"Configuration
installation
hydraulique","Configuration
installation
hydraulique"
param_freecooling_on_centre_defaut,"Paramètres
freecooling",New Text,New Text,"Paramètres
freecooling","Paramètres
freecooling"
param_freecopoling_off_centre_defaut,"Paramètres
freecooling",New Text,New Text,"Paramètres
freecooling","Paramètres
freecooling"
param_circ_capt_on_centre_defaut,"Paramètres
circuit
captage",New Text,New Text,"Paramètres
circuit
captage","Paramètres
circuit
captage"
param_circ_capt_off_centre_defaut,"Paramètres
circuit
captage",New Text,New Text,"Paramètres
circuit
captage","Paramètres
circuit
captage"
param_circ_prim_on_centre_defaut,"Paramètres
circuit
primaire",New Text,New Text,"Paramètres
circuit
primaire","Paramètres
circuit
primaire"
param_circ_prim_off_centre_defaut,"Paramètres
circuit
primaire",New Text,New Text,"Paramètres
circuit
primaire","Paramètres
circuit
primaire"
config_hydrau_rapide_centre_defaut,"Configuration
hydraulique
rapide",New Text,New Text,"Configuration
hydraulique
rapide","Configuration
hydraulique
rapide"
mode_ecs_off_centre_defaut,"Mode
chauffe-eau",New Text,New Text,"Mode
chauffe-eau","Mode
chauffe-eau"
mode_ecs_on_centre_defaut,"Mode
chauffe-eau",New Text,New Text,Mode chauffe-eau,Mode chauffe-eau
historique_defauts_usine_centre_defaut,"Historique
des défauts",New Text,New Text,"Historique
des défauts","Historique
des défauts"
param_avances_centre_defaut,"Paramètres
avancés",New Text,New Text,"Paramètres
avancés","Paramètres
avancés"
raz_config_centre_defaut,RAZ config,New Text,New Text,RAZ config,RAZ config
modif_code_acces_centre_defaut,"Modifier le
code d'accès",New Text,New Text,"Modifier le
code d'accès","Modifier le
code d'accès"
text_wattmetre_centre_defaut,Wattmètre,New Text,New Text,Wattmètre,Wattmètre
wattmetre_on_centre_defaut,Wattmètre,New Text,New Text,Wattmètre,Wattmètre
text_mise_chauffe_dalle_centre_defaut,"Mise en chauffe
dalle",New Text,New Text,"Mise en chauffe
dalle","Mise en chauffe
dalle"
mode_piscine_on_centre_defaut,Mode piscine,New Text,New Text,Mode piscine,Mode piscine
mode_piscine_off_centre_defaut,Mode piscine,New Text,New Text,Mode piscine,Mode piscine
config_in_out_carte_reg_centre_defaut,"Configuration
in/out
carte REG",New Text,New Text,"Configuration
in/out
carte REG","Configuration
in/out
carte REG"
text_titre_mise_chauffe_dalle_centre_defaut,Mise en chauffe dalle,New Text,New Text,"Mise en chauffe
dalle","Mise en chauffe
dalle"
text_suivi_energies_centre_large,Suivi des énergies,New Text,New Text,New Text,New Text
text_annee_en_cours_centre_defaut,Année en cours,New Text,New Text,New Text,New Text
text_depuis_mise_en_service_centre_defaut,Depuis la mise en service,New Text,New Text,New Text,New Text
text_cumul_partiel_centre_defaut,Cumul partiel,New Text,New Text,New Text,New Text
text_cumul_produites_centre_large,Cumul produites,New Text,New Text,New Text,New Text
text_cumul_consommees_centre_large,Cumul consommées,New Text,New Text,New Text,New Text
text_histo_consommees_centre_large,Histo consommées,New Text,New Text,New Text,New Text
text_histo_produites_centre_large,Histo produites,New Text,New Text,New Text,New Text
text_wh_centre_defaut,Wh,New Text,New Text,New Text,New Text
text_energies_decembre_centre_defaut,Dec,New Text,New Text,New Text,New Text
text_energies_novembre_centre_defaut,Nov,New Text,New Text,New Text,New Text
text_energies_octobre_centre_defaut,Oct,New Text,New Text,New Text,New Text
text_energies_septembre_centre_defaut,Sep,New Text,New Text,New Text,New Text
text_energies_aout_centre_defaut,Aou,New Text,New Text,New Text,New Text
text_energies_juillet_centre_defaut,Juil,New Text,New Text,New Text,New Text
text_energies_juin_centre_defaut,Juin,New Text,New Text,New Text,New Text
text_energies_mai_centre_defaut,Mai,New Text,New Text,New Text,New Text
text_energies_avril_centre_defaut,Avr,New Text,New Text,New Text,New Text
text_energies_mars_centre_defaut,Mar,New Text,New Text,New Text,New Text
text_energies_fevrier_centre_defaut,Fev,New Text,New Text,New Text,New Text
text_heures_gauche_defaut,Heures,New Text,New Text,New Text,New Text
text_jours_gauche_defaut,Jours,New Text,New Text,New Text,New Text
text_donnees_non_contract_centre_defaut,"Données non contractuelles
Consommation des appoints : estimation calculée
pour une tension de 230V/400V","Non-contractual data
Consumption of top-ups: calculated estimate
for a voltage of 230V/400V
","Dados não contratuais
Consumo de recargas: estimativa calculada
para uma tensão de 230V/400V","Données non contractuelles
Consommation des appoints : estimation calculée
pour une tension de 230V/400V","Données non contractuelles
Consommation des appoints : estimation calculée
pour une tension de 230V/400V"
histo_prod_text_centre_defaut,Histo produites,Histo product,História produzida,Histo produites,Histo produites
cumul_prod_text_centre_defaut,"Cumul
produites",Cumul product,"Cumulativo
produzido","Cumul
produites","Cumul
produites"
histo_conso_text_centre_defaut,"Histo
consommées",Histo used,"História
consumido
","Histo
consommées","Histo
consommées"
cumul_conso_text_centre_defaut,"Cumul
consommées",cumul used,"Cumulativo
consumido
","Cumul
consommées","Cumul
consommées"
text_mz_carte_REG_centre_defaut,REG,New Text,New Text,New Text,New Text
text_sous_station_centre_defaut,Sous-station,New Text,New Text,New Text,New Text
text_parametrage_groupes_eau_centre_large,Paramétrage des groupes d'eau,New Text,New Text,New Text,New Text
text_regroupement_zones_centre,Regroupement de Zones,New Text,New Text,New Text,New Text
text_multizones_zone_7_init_centre_defaut,Zone 7,Zone 7,Zone 7,Zone 7,Zone 7
text_multizones_zone_7_centre_defaut,<Value>,<Value>,<Value>,<Value>,<Value>
text_multizones_zone_6_init_centre_defaut,Zone 6,Zone 6,Zone 6,Zone 6,Zone 6
text_parametrage_zones_centre,Paramétrage des zones,New Text,New Text,New Text,New Text
text_multizones_zone_6_centre_defaut,<Value>,<Value>,<Value>,<Value>,<Value>
text_multizones_zone_5_init_centre_defaut,Zone 5,Zone 5,Zone 5,Zone 5,Zone 5
text_multizones_zone_5_centre_defaut,<Value>,<Value>,<Value>,<Value>,<Value>
text_multizones_zone_4_init_centre_defaut,Zone 4,Zone 4,Zone 4,Zone 4,Zone 4
text_multizones_zone_4_centre_defaut,<Value>,<Value>,<Value>,<Value>,<Value>
text_multizones_zone_3_init_centre_defaut,Zone 3,Zone 3,Zone 3,Zone 3,Zone 3
text_multizones_zone_3_centre_defaut,<Value>,<Value>,<Value>,<Value>,<Value>
text_multizones_zone_2_init_centre_defaut,Zone 2,Zone 2,Zone 2,Zone 2,Zone 2
text_multizones_zone_2_centre_defaut,<Value>,<Value>,<Value>,<Value>,<Value>
text_multizones_zone_1_init_centre_defaut,Zone 1,Zone 1,Zone 1,Zone 1,Zone 1
text_multizones_zone_1_centre_defaut,<Value>,<Value>,<Value>,<Value>,<Value>
text_multizones_zone_8_init_centre_defaut,Zone 8,Zone 8,Zone 8,Zone 8,Zone 8
text_multizones_zone_8_centre_defaut,<Value>,<Value>,<Value>,<Value>,<Value>
text_choix_zones_centre_defaut,Choix de zone(s),Do you want to activate a heating override cycle?,Deseja ativar um ciclo de cancelamento de aquecimento?,Choix de zone(s),Choix de zone(s)
text_choix_zones_1_centre_defaut,Zone 1,Do you want to activate a heating override cycle?,Deseja ativar um ciclo de cancelamento de aquecimento?,Zone 1,Zone 1
text_choix_zones_2_centre_defaut,Zone 2,Do you want to activate a heating override cycle?,Deseja ativar um ciclo de cancelamento de aquecimento?,Zone 2,Zone 2
text_choix_zones_2_on_off_centre_defaut,<Value>,<Value>,<Value>,<Value>,<Value>
text_choix_zones_1_on_off_centre_defaut,<Value>,<Value>,<Value>,<Value>,<Value>
text_choix_zones_1_on_off_init_centre_defaut,Off,New Text,New Text,Off,Off
text_choix_zones_2_on_off_init_centre_defaut,Off,New Text,New Text,Off,Off
text_type_regul_centre_defaut,Type régulation,Duration of the exemption?,Duração da isenção?,Type régulation,Type régulation
text_valeur_type_regul_centre_defaut,<value>,<value>,<value>,<value>,<value>
text_valeur_type_regul_init_centre_defaut,Directe,New Text,New Text,Directe,Directe
text_valeur_type_emet_z1_centre_defaut,<value>,<value>,<value>,<value>,<value>
text_valeur_type_emet_z1_init_centre_defaut,Plancher,New Text,New Text,Plancher,Plancher
text_type_emet_z1_centre_defaut,Type d'émetteur de la zone,Duration of the exemption?,Duração da isenção?,Type d'émetteur de la zone,Type d'émetteur de la zone
text_valeur_type_emet_z2_centre_defaut,<value>,<value>,<value>,<value>,<value>
text_valeur_type_emet_z2_init_centre_defaut,Plancher,New Text,New Text,Plancher,Plancher
text_type_emet_z2_centre_defaut,Type d'émetteur de la zone,Duration of the exemption?,Duração da isenção?,Type d'émetteur de la zone,Type d'émetteur de la zone
text_circulateur_pilotes_gauche_defaut,Nécessite l'utilisation de circulateurs pilotés,New Text,New Text,Nécessite l'utilisation de ciruclateurs pilotés,Nécessite l'utilisation de ciruclateurs pilotés
text_courbe_loi_deau_z1_centre_defaut,Courbe de loi d'eau,New Text,New Text,Courbe de loi d'eau,Courbe de loi d'eau
text_courbe_loi_deau_z2_centre_defaut,Courbe de loi d'eau,New Text,New Text,Courbe de loi d'eau,Courbe de loi d'eau
text_oui_raf_z1_centre_defaut,Oui,Yes,Sim,Oui,Oui
text_non_raf_z1_centre_defaut,Non,No,Não,Non,Non
text_question_raf_z1_centre_defaut,Voulez-vous activer le rafraichissement de la zone ?,New Text,New Text,Voulez-vous activer le rafraichissement de la zone ?,Voulez-vous activer le rafraichissement de la zone ?
text_question_raf_z2_centre_defaut,Voulez-vous activer le rafraichissement de la zone ?,New Text,New Text,Voulez-vous activer le rafraichissement de la zone ?,Voulez-vous activer le rafraichissement de la zone ?
text_non_raf_z2_centre_defaut,Non,No,Não,Non,Non
text_oui_raf_z2_centre_defaut,Oui,Yes,Sim,Oui,Oui
text_temp_raf_z2_centre_defaut,Température départ d'eau,Duration of the exemption?,Duração da isenção?,Température départ d'eau,Température départ d'eau
text_valeur_temp_raf_z2_centre_defaut,<value>,<value>,<value>,<value>,<value>
text_valeur_temp_raf_z1_centre_defaut,<value>,<value>,<value>,<value>,<value>
text_temp_raf_z1_centre_defaut,Température départ d'eau,Duration of the exemption?,Duração da isenção?,Température départ d'eau,Température départ d'eau
text_associer_association_z1_centre_defaut,Associer,No,Não,Associer,Associer
text_association_z1_centre_defaut,"Associer la sonde
Zone 1",New Text,New Text,"Associer la sonde
Zone 1","Associer la sonde
Zone 1"
text_signal_association_z1_centre_defaut,0dB,New Text,New Text,0dB,0dB
text_association_z2_centre_defaut,"Associer la sonde
Zone 2",New Text,New Text,"Associer la sonde
Zone 2","Associer la sonde
Zone 2"
text_signal_association_z2_centre_defaut,0dB,New Text,New Text,0dB,0dB
text_associer_association_z2_centre_defaut,Associer,No,Não,Associer,Associer
text_choix_langue_portugais_valeur_centre_defaut,Português,Português,Português,Português,Português
text_choix_langue_allemand_valeur_centre_defaut,Deutsch,Deutsch,Deutsch,Deutsch,Deutsch
text_choix_langue_neerlandais_valeur_centre_defaut,Nederlands,Nederlands,Nederlands,Nederlands,Nederlands
text_choix_langue_anglais_valeur_centre_defaut,English,English,English,English,English
text_choix_langue_francais_valeur_centre_defaut,Francais,Francais,Francais,Francais,Francais
text_choix_langue_centre_defaut,Sélectionner votre langue ?,Maximum thermodynamic cycle duration or deactivate the function,Duração máxima do ciclo termodinâmico ou desativação da função,Durée du cycle thermodynamique max ou désactiver la fonction,Durée du cycle thermodynamique max ou désactiver la fonction
text_luminosite_centre_defaut,<Value>%,<Value>,<Value>,<Value>,<Value>
text_luminosite_init_centre_defaut,60,New Text,New Text,New Text,New Text
text_piscine_centre_large,Piscine,New Text,New Text,New Text,New Text
text_pisc_vert_fonce_init_centre_defaut,30.0,New Text,New Text,New Text,New Text
text_pisc_vert_fonce_centre_defaut,<value>°C,New Text<value>,New Text<value>,New Text<value>,New Text<value>
text_pisc_vert_init_centre_defaut,45.0,New Text,New Text,New Text,New Text
text_pisc_vert_centre_defaut,<value>°C,New Text<value>,New Text<value>,New Text<value>,New Text<value>
text_pisc_vert_clair_init_centre_defaut,60.0,New Text,New Text,New Text,New Text
text_hy,<value>°C,New Text<value>,New Text<value>,New Text<value>,New Text<value>
text_parametres_compte_client_centre_defaut,Compte client,Cust. account,Conta cliente,Compte client,Compte client
text_parametres_luminosite_centre_defaut,Luminosité,Brightness,Brilho,Luminosité,Luminosité
text_parametres_position_ecran_centre_defaut,Position écran,Screen position,Posição da tela,Position écran,Position écran
text_parametres_date_heure_centre_defaut,Date/Heure,Date/Hour,Data/Hora,Date/Heure,Date/Heure
text_parametres_langue_centre_defaut,Langue,Language,Linguagem,Langue,Langue
text_position_ecran_centre_defaut,X : <Value> ; Y : <Value>,X : <Value> ; Y : <Value>,X : <Value> ; Y : <Value>,X : <Value> ; Y : <Value>,X : <Value> ; Y : <Value>
text_prog_bouclage_centre_defaut,Prog. Bouclage ECS,New Text,New Text,New Text,New Text
text_prog_zone_rafraichissement_centre_defaut,Prog. rafraichissement ,New Text,New Text,New Text,New Text
text_prog_zone_chaud_centre_defaut,Prog. chauffage ,New Text,New Text,New Text,New Text
text_prog_regul_ext_rafraichissement_centre_defaut,Prog. regul. externe rafraichissement,New Text,New Text,New Text,New Text
text_prog_regul_ext_chaud_centre_defaut,Prog. regul. externe chaud,New Text,New Text,New Text,New Text
text_prog_piscine_centre_defaut,Prog. piscine,New Text,New Text,New Text,New Text
text_prog_ecs_centre_defaut,Prog. ECS,New Text,New Text,New Text,New Text
text_barre_heure_22_centre_defaut,22,0,0,0,0
text_barre_heure_24_centre_defaut,24,0,0,0,0
text_barre_heure_8_centre_defaut,8,0,0,0,0
text_barre_heure_6_centre_defaut,6,0,0,0,0
text_barre_heure_2_centre_defaut,2,0,0,0,0
text_barre_heure_4_centre_defaut,4,0,0,0,0
text_heure_0_centre_defaut,0,0,0,0,0
text_heure_7_valeur_centre_defaut,24,New Text,New Text,New Text,New Text
text_heure_7_centre_defaut,<Value>,New Text<value>,New Text<value>,New Text<value>,New Text<value>
text_heure_6_valeur_centre_defaut,20,New Text,New Text,New Text,New Text
text_heure_6_centre_defaut,<Value>,New Text<value>,New Text<value>,New Text<value>,New Text<value>
text_heure_5_valeur_centre_defaut,16,New Text,New Text,New Text,New Text
text_heure_5_centre_defaut,<Value>,New Text<value>,New Text<value>,New Text<value>,New Text<value>
text_heure_4_valeur_centre_defaut,12,New Text,New Text,New Text,New Text
text_heure_4_centre_defaut,<Value>,New Text<value>,New Text<value>,New Text<value>,New Text<value>
text_heure_3_valeur_centre_defaut,8,New Text,New Text,New Text,New Text
text_heure_3_centre_defaut,<Value>,New Text<value>,New Text<value>,New Text<value>,New Text<value>
text_heure_2_valeur_centre_defaut,"4
",New Text,New Text,New Text,New Text
text_heure_2_centre_defaut,<Value>,New Text<value>,New Text<value>,New Text<value>,New Text<value>
text_heure_1_valeur_centre_defaut,0,New Text,New Text,New Text,New Text
text_heure_1_centre_defaut,<Value>,New Text<value>,New Text<value>,New Text<value>,New Text<value>
text_zoom_moins_centre_defaut,Zoom -,New Text,New Text,New Text,New Text
text_zoom_plus_centre_defaut,Zoom +,New Text,New Text,New Text,New Text
text_jour_prog_edit_left_defaut,<Value>,New Text<value>,New Text<value>,New Text<value>,New Text<value>
text_dimanche_prog_edit_left_defaut,Dim,New Text,New Text,New Text,New Text
text_samedi_prog_edit_left_defaut,Sam,New Text,New Text,New Text,New Text
text_vendredi_prog_edit_left_defaut,Ven,New Text,New Text,New Text,New Text
text_jeudi_prog_edit_left_defaut,Jeu,New Text,New Text,New Text,New Text
text_mercredi_prog_edit_left_defaut,Mer,New Text,New Text,New Text,New Text
text_lundi_prog_edit_left_defaut,Lun,New Text,New Text,New Text,New Text
text_jour_prog_edit_value_left_defaut,Lun,New Text,New Text,New Text,New Text
text_mardi_prog_edit_left_defaut,Mar,New Text,New Text,New Text,New Text
text_coller_centre_defaut,Coller,New Text,New Text,New Text,New Text
text_copier_centre_defaut,Copier,New Text,New Text,New Text,New Text
text_editer_centre_defaut,Editer,New Text,New Text,New Text,New Text
text_barre_heure_10_centre_defaut,10,0,0,0,0
text_barre_heure_12_centre_defaut,12,0,0,0,0
text_barre_heure_14_centre_defaut,14,0,0,0,0
text_barre_heure_16_centre_defaut,16,0,0,0,0
text_barre_heure_18_centre_defaut,18,0,0,0,0
text_barre_heure_20_centre_defaut,20,0,0,0,0
text_infos_systeme_centre_defaut,Infos / Versions,New Text,New Text,New Text,New Text
text_modele_droite_defaut,Modèle,New Text,New Text,New Text,New Text
text_type_regul_droite_defaut,Type régulation,New Text,New Text,New Text,New Text
text_mise_serivce_droite_defaut,Mise en service,New Text,New Text,New Text,New Text
text_num_serie_droite_defaut,Num de série,New Text,New Text,New Text,New Text
text_modbus_droite_defaut,Modbus adresse/com,New Text,New Text,New Text,New Text
text_emetteur_zone_droite_defaut,Emetteur zone <Value>,Emetteur zone <Value>,Emetteur zone <Value>,Emetteur zone <Value>,Emetteur zone <Value>
text_emetteur_zone_num_zone_droite_defaut,1,New Text,New Text,New Text,New Text
text_soft_ihm_droite_defaut,Soft IHM,New Text,New Text,New Text,New Text
text_soft_ether_droite_defaut,Soft ETHER,New Text,New Text,New Text,New Text
text_soft_reg_droite_defaut,Soft REG,New Text,New Text,New Text,New Text
text_soft_frigo_droite_defaut,Soft FRIGO,New Text,New Text,New Text,New Text
text_soft_fan_droite_defaut,Soft FAN,New Text,New Text,New Text,New Text
text_soft_mz_droite_defaut,Soft MZ,New Text,New Text,New Text,New Text
text_soft_pw_droite_defaut,Soft PW,New Text,New Text,New Text,New Text
text_soft_ecs_droite_defaut,Soft ECS,New Text,New Text,New Text,New Text
text_adresse_mac_droite_defaut,Adresse MAC,New Text,New Text,New Text,New Text
text_adresse_ip_droite_defaut,Adresse IP,New Text,New Text,New Text,New Text
text_adresse_wip_droite_defaut,Adresse WIP,New Text,New Text,New Text,New Text
text_maison_relance_centre_defaut,Maison,Home,Lar,Maison,Maison
text_piscine_relance_centre_defaut,Piscine,Pool,Piscina,Piscine,Piscine
text_piscine_maison_relance_centre_defaut,50 / 50,50 / 50,50 / 50,50 / 50,50 / 50
text_option_relance_piscine_centre_defaut,Option de relance piscine (priorité),Pool restart option (priority),Opção de reinicialização do pool (prioridade),Option de relance piscine (priorité),Option de relance piscine (priorité)
text_oui_piscine_centre_defaut,Oui,Yes,Sim,Oui,Oui
text_non_piscine_centre_defaut,Non,No,Não,Non,Non
text_question_piscine_centre_defaut,Voulez-vous activer l'option piscine ?,Do you want to activate the swimming pool option?,Quer ativar a opção piscina?,Voulez-vous activer l'option piscine ?,Voulez-vous activer l'option piscine ?
text_consigne_eau_piscine_centre_defaut,Consigne température d'eau primaire,Primary water temperature setpoint,Ponto de ajuste da temperatura da água primária,Consigne température d'eau primaire,Consigne température d'eau primaire
text_valeur_consigne_eau_primaire_centre_defaut,<value>,<value>,<value>,<value>,<value>
text_valeur_consigne_eau_primaire_init_centre_defaut,45.0,45°C,45°C,45°C,45°C
text_hysteresis_piscine_centre_defaut,Hystérésis sonde piscine,Hysteresis swimming pool probe,Sonda de histerese para piscina,Hysteresis sonde piscine,Hysteresis sonde piscine
text_param_avances_piscine_centre_defaut,Paramètres avancés,Advanced settings,Configurações avançadas,Paramètres avancés,Paramètres avancés
text_off_simultane_piscine_centre_defaut,Off,Off,Off,Off,Off
text_on_simultane_piscine_centre_defaut,On,On,On,On,On
text_mode_simultane_piscine_centre_defaut,Mode simultané,Simultaneous mode,Modo simultâneo,Mode simultané,Mode simultané
text_valeur_prog_3_niveau_piscine_centre_defaut,<value>,<value>,<value>,<value>,<value>
text_valeur_prog_3_niveau_piscine_init_centre_defaut,Oui,Yes,Sim,Oui,Oui
text_prog_3_niveau_piscine_centre_defaut,Programmation piscine à 3 niveaux de température ? (attention aux inerties de chauffe),Pool programming with 3 temperature levels? (be careful of heating inertia),Programação de piscina com 3 níveis de temperatura? (tenha cuidado com a inércia do aquecimento),Programmation piscine à 3 niveaux de température ? (attention aux inerties de chauffe),Programmation piscine à 3 niveaux de température ? (attention aux inerties de chauffe)
text_valeur_temps_rotation_vanne_piscine_centre_defaut,<value>,<value>,<value>,<value>,<value>
text_valeur_temps_rotation_vanne_piscine_init_centre_defaut,20 sec,20 sec,20 sec,20 sec,20 sec
text_temps_rotation_vanne_piscine_centre_defaut,Temps de rotation vanne directionnelle,Directional valve rotation time,Tempo de rotação da válvula direcional,Temps de rotation vanne directionnelle,Temps de rotation vanne directionnelle
text_question_config_wattmetre_centre_defaut,Voulez-vous activer l'option wattmètre ?,Do you want to enable the power meter option?,Deseja ativar a opção do medidor de energia?,Voulez-vous activer l'option wattmètre ?,Voulez-vous activer l'option wattmètre ?
text_non_config_wattmetre_centre_defaut,Non,No,Não,Non,Non
text_oui_config_wattmetre_centre_defaut,Oui,Yes,Sim,Oui,Oui
text_valeur_param_wattmetre_centre_defaut,<value> imp/kWh,<value>,<value>,<value>,<value>
text_valeur_param_wattmetre_init_centre_defaut,800,800 imp/kWh,800 imp/kWh,800 imp/kWh,800 imp/kWh
text_param_wattmetre_centre_defaut,Nombre d'impulsions / kWh,Number of pulses / kWh,Número de pulsos/kWh,Nombre d'impulsions / kWh,Nombre d'impulsions / kWh
text_demande_debut_cycle_ecs_centre_defaut,"Demande forcée en début de cycle ?
(même si la T° ECS est > à la T° de relance)","Forced demand at the start of the cycle?
(even if the DHW T° is > the restart T°)","Demanda forçada no início do ciclo?
(mesmo que o T° da AQS seja > o T° de reinício)","Demande forcée en début de cycle ?
(même si la T° ECS est > à la T° de relance)","Demande forcée en début de cycle ?
(même si la T° ECS est > à la T° de relance)"
text_valeur_demande_debut_cycle_ecs_init_centre_defaut,Oui,Yes,Sim,Oui,Oui
text_valeur_demande_debut_cycle_ecs_centre_defaut,<value>,<value>,<value>,<value>,<value>
text_duree_cycle_thermo_centre_defaut,Durée du cycle thermodynamique max ou désactiver la fonction,Maximum thermodynamic cycle duration or deactivate the function,Duração máxima do ciclo termodinâmico ou desativação da função,Durée du cycle thermodynamique max ou désactiver la fonction,Durée du cycle thermodynamique max ou désactiver la fonction
text_valeur_duree_cycle_thermo_init_centre_defaut,1 h 30,1h30,1h30,1h30,1h30
text_valeur_duree_cycle_thermo_centre_defaut,<value>,<value>,<value>,<value>,<value>
text_on_cycle_legionel_centre_defaut,On,On,On,On,On
text_off_cycle_legionel_centre_defaut,Off,Off,Off,Off,Off
text_cycle_legionel_centre_defaut,Cycle antilégionellose,Anti-legionella cycle,Ciclo anti-legionela,Cycle antilégionellose,Cycle antilégionellose
text_hysteresis_ecs_centre_defaut,Hystérésis sonde ECS,Hysteresis DHW probe,Sonda de histerese para AQS,Hysteresis sonde ECS,Hysteresis sonde ECS
text_Dissocier_centre_defaut,Dissocier,Yes,Sim,Oui,Oui
text_non_ecs_centre_defaut,Non,No,Não,Non,Non
text_question_ecs_centre_defaut,Voulez-vous activer l'option ECS ?,Do you want to activate the DHW option?,Quer ativar a opção AQS?,Voulez-vous activer l'option ECS ?,Voulez-vous activer l'option ECS ?
text_param_avances_ecs_centre_defaut,Paramètres avancés,Advanced settings,Configurações avançadas,Paramètres avancés,Paramètres avancés
text_on_simultane_ecs_centre_defaut,On,On,On,On,On
text_off_simultane_ecs_centre_defaut,Off,Off,Off,Off,Off
text_mode_simultane_ecs_centre_defaut,Mode simultané,Simultaneous mode,Modo simultâneo,Mode simultané,Mode simultané
text_mode_commande_titre_centre_defaut,Mode Commande,New Text,New Text,New Text,New Text
text_fonction_maintenance_avancee_centre_defaut,Fonction Maintenance Avancée,New Text,New Text,New Text,New Text
text_parametres_avances_ecs,Paramètres Avancés ECS,New Text,New Text,New Text,New Text
text_echangeur_ecs_bain_marie_centre_defaut,Bain Marie,New Text,New Text,New Text,New Text
text_echangeur_ecs_serpentin_centre_defaut,Serpentin,New Text,New Text,New Text,New Text
text_echangeur_ecs_plaque_centre_defaut,A plaque,New Text,New Text,New Text,New Text
text_type_echangeur_ecs_centre_defaut,"Type d'échangeur ECS ?
(ajout des phases d'équilibrage)","Forced demand at the start of the cycle?
(even if the DHW T° is > the restart T°)","Demanda forçada no início do ciclo?
(mesmo que o T° da AQS seja > o T° de reinício)","Demande forcée en début de cycle ?
(même si la T° ECS est > à la T° de relance)","Demande forcée en début de cycle ?
(même si la T° ECS est > à la T° de relance)"
text_valeur_type_echangeur_ecs_init_centre_defaut,A plaque,New Text,New Text,New Text,New Text
text_valeur_type_echangeur_ecs_centre_defaut,<value>,<value>,<value>,<value>,<value>
text_puissance_echangeur_ecs_centre_defaut,Puissance échangeur ECS,Advanced settings,Configurações avançadas,Paramètres avancés,Paramètres avancés
text_puissance_appoint_ecs_centre_defaut,Puissance appoint ECS,Advanced settings,Configurações avançadas,Paramètres avancés,Paramètres avancés
text_type_appoint_ecs_centre_defaut,Type d'appoint électrique sur ballon ECS,"Forced demand at the start of the cycle?
(even if the DHW T° is > the restart T°)","Demanda forçada no início do ciclo?
(mesmo que o T° da AQS seja > o T° de reinício)","Demande forcée en début de cycle ?
(même si la T° ECS est > à la T° de relance)","Demande forcée en début de cycle ?
(même si la T° ECS est > à la T° de relance)"
text_valeur_type_appoint_ecs_init_centre_defaut,Résistance sur ECS,New Text,New Text,New Text,New Text
text_valeur_type_appoint_ecs_centre_defaut,<value>,<value>,<value>,<value>,<value>
text_valeur_temps_rotation_vanne_ecs_init_centre_defaut,0 min 20 sec,New Text,New Text,New Text,New Text
text_valeur_temps_rotation_vanne_ecs_centre_defaut,<value>,<value>,<value>,<value>,<value>
text_temps_rotation_vanne_ecs_centre_defaut,Temps de rotation de la vanne directionnelle,"Forced demand at the start of the cycle?
(even if the DHW T° is > the restart T°)","Demanda forçada no início do ciclo?
(mesmo que o T° da AQS seja > o T° de reinício)","Demande forcée en début de cycle ?
(même si la T° ECS est > à la T° de relance)","Demande forcée en début de cycle ?
(même si la T° ECS est > à la T° de relance)"
text_bouclage_ecs_centre_defaut,Bouclage ECS,DHW loop,Ciclo de AQS,Bouclage ECS,Bouclage ECS
text_on_off_bouclage_ecs_init_centre_defaut,Off,Off,Off,Off,Off
text_on_off_bouclage_ecs_centre_defaut,<Value>,<Value>,<Value>,<Value>,<Value>
text_ejp_ecs_centre_defaut,Inhibition ECS en EJP,DHW inhibition in EJP,Inibição de AQS em EJP,Inhibition ECS en EJP,Inhibition ECS en EJP
text_off_ejp_ecs_centre_defaut,Off,Off,Off,Off,Off
text_on_ejp_ecs_centre_defaut,On,On,On,On,On
text_on_solaire_ecs_centre_defaut,On,On,On,On,On
text_off_solaire_ecs_centre_defaut,Off,Off,Off,Off,Off
text_solaire_ecs_centre_defaut,ECS solaire,Solar DHW,AQS solar,ECS solaire,ECS solaire
text_vitesse_circ_prim_centre_defaut,Valeur,Maximum thermodynamic cycle duration or deactivate the function,Duração máxima do ciclo termodinâmico ou desativação da função,Durée du cycle thermodynamique max ou désactiver la fonction,Durée du cycle thermodynamique max ou désactiver la fonction
text_valeur_vitesse_circ_prim_init_centre_defaut,V100,New Text,New Text,New Text,New Text
text_valeur_vitesse_circ_prim_centre_defaut,<value>,<value>,<value>,<value>,<value>
text_oui_non_marche_forcee_circ_prim_centre_defaut,Voulez-vous une marche circulateur forcée ?,"Voulez-vous activer la gestion ECS
en simultané ?","Voulez-vous activer la gestion ECS
en simultané ?","Voulez-vous activer la gestion ECS
en simultané ?","Voulez-vous activer la gestion ECS
en simultané ?"
text_non_marche_forcee_circ_prim_centre_defaut,Non,No,Não,Non,Non
text_oui_marche_forcee_circ_prim_centre_defaut,Oui,Yes,Sim,Oui,Oui
text_valeur_type_circulateur_init_centre_defaut,Circulateur piloté,New Text,New Text,New Text,New Text
text_valeur_type_circulateur_centre_defaut,<value>,<value>,<value>,<value>,<value>
text_type_circulateur_centre_defaut,Type de circulateur,Maximum thermodynamic cycle duration or deactivate the function,Duração máxima do ciclo termodinâmico ou desativação da função,Durée du cycle thermodynamique max ou désactiver la fonction,Durée du cycle thermodynamique max ou désactiver la fonction
text_circuit_primaire_gauche_defaut,Valable uniquement pour les circulateurs commandables par notre régulation,New Text,New Text,New Text,New Text
text_valeur_jour_dimanche_centre_defaut,Dimanche,New Text,New Text,New Text,New Text
text_valeur_jour_samedi_centre_defaut,Samedi,New Text,New Text,New Text,New Text
text_valeur_jour_vendredi_centre_defaut,Vendredi,New Text,New Text,New Text,New Text
text_valeur_jour_jeudi_centre_defaut,Jeudi,New Text,New Text,New Text,New Text
text_valeur_jour_mercredi_centre_defaut,Mercredi,New Text,New Text,New Text,New Text
text_valeur_jour_mardi_centre_defaut,Mardi,New Text,New Text,New Text,New Text
text_valeur_jour_lundi_centre_defaut,Lundi,New Text,New Text,New Text,New Text
text_valeur_jour_cycle_legionel_e_ecs_centre_defaut,<value>,<value>,<value>,<value>,<value>
text_jour_cycle_legionel_e_ecs_centre_defaut,Jour du cycle,Maximum thermodynamic cycle duration or deactivate the function,Duração máxima do ciclo termodinâmico ou desativação da função,Durée du cycle thermodynamique max ou désactiver la fonction,Durée du cycle thermodynamique max ou désactiver la fonction
text_heure_cycle_legionel_eau_ecs_centre_defaut,Heure d'enclenchement,Maximum thermodynamic cycle duration or deactivate the function,Duração máxima do ciclo termodinâmico ou desativação da função,Durée du cycle thermodynamique max ou désactiver la fonction,Durée du cycle thermodynamique max ou désactiver la fonction
text_valeur_heure_cycle_legionel_eau_ecs_init_centre_defaut,0 h 00,New Text,New Text,New Text,New Text
text_valeur_heure_cycle_legionel_eau_ecs_centre_defaut,<value>,<value>,<value>,<value>,<value>
text_oui_non_cycle_legionel_ecs_centre_defaut,Voulez-vous activer les paramètres anti-legionellose ?,"Voulez-vous activer la gestion ECS
en simultané ?","Voulez-vous activer la gestion ECS
en simultané ?","Voulez-vous activer la gestion ECS
en simultané ?","Voulez-vous activer la gestion ECS
en simultané ?"
text_non_cycle_legionel_ecs_centre_defaut,Non,No,Não,Non,Non
text_oui_cycle_legionel_ecs_centre_defaut,Oui,Yes,Sim,Oui,Oui
text_inhibition_ejp_ecs_centre_defaut,"En activant cette fonciton, la production d'eau chaude sanitaire par votre pompe à chaleur sera interdite lorsque l'entrée EJP de la carte sera fermée.",New Text,New Text,New Text,New Text
text_oui_non_inhibition_ejp_ecs_centre_defaut,Voulez-vous interdire la production ECS lorsque l'EJP est actif ?,"Voulez-vous activer la gestion ECS
en simultané ?","Voulez-vous activer la gestion ECS
en simultané ?","Voulez-vous activer la gestion ECS
en simultané ?","Voulez-vous activer la gestion ECS
en simultané ?"
text_oui_inhibition_ejp_ecs_centre_defaut,Oui,Yes,Sim,Oui,Oui
text_non_inhibition_ejp_ecs_centre_defaut,Non,No,Não,Non,Non
text_valeur_type_app_ecs_init_centre_defaut,1000,New Text,New Text,New Text,New Text
text_valeur_type_app_ecs_centre_defaut,<value> watts,<value>,<value>,<value>,<value>
text_puissance_app_ecs_centre_defaut,Sélection de la puissance de l'appoint électrique ECS,Maximum thermodynamic cycle duration or deactivate the function,Duração máxima do ciclo termodinâmico ou desativação da função,Durée du cycle thermodynamique max ou désactiver la fonction,Durée du cycle thermodynamique max ou désactiver la fonction
text_valeur_ech_ecs_20kw_centre_defaut,20 kW,New Text,New Text,New Text,New Text
text_valeur_ech_ecs_16kw_centre_defaut,16 kW,New Text,New Text,New Text,New Text
text_valeur_ech_ecs_12kw_centre_defaut,12 kW,New Text,New Text,New Text,New Text
text_puissance_ech_ecs_centre_defaut,Sélection de la puissance de l'échangeur ECS,Maximum thermodynamic cycle duration or deactivate the function,Duração máxima do ciclo termodinâmico ou desativação da função,Durée du cycle thermodynamique max ou désactiver la fonction,Durée du cycle thermodynamique max ou désactiver la fonction
text_valeur_ech_ecs_8kw_centre_defaut,8 kW,New Text,New Text,New Text,New Text
text_valeur_type_ech_ecs_centre_defaut,<value>,<value>,<value>,<value>,<value>
text_ouverture_min_vanne_ecs_centre_defaut,Pourcentage minimum d'ouverture de la vanne de mélange,Maximum thermodynamic cycle duration or deactivate the function,Duração máxima do ciclo termodinâmico ou desativação da função,Durée du cycle thermodynamique max ou désactiver la fonction,Durée du cycle thermodynamique max ou désactiver la fonction
text_valeur_ouverture_min_vanne_ecs_init_centre_defaut,Pas de limitations,New Text,New Text,New Text,New Text
text_valeur_ouverture_min_vanne_ecs_centre_defaut,<value>,<value>,<value>,<value>,<value>
text_reduc_temp_eau_ecs_centre_defaut,Réduction de la température d'eau de la loi d'eau,Maximum thermodynamic cycle duration or deactivate the function,Duração máxima do ciclo termodinâmico ou desativação da função,Durée du cycle thermodynamique max ou désactiver la fonction,Durée du cycle thermodynamique max ou désactiver la fonction
text_valeur_reduc_temp_eau_ecs_init_centre_defaut,0,New Text,New Text,New Text,New Text
text_valeur_reduc_temp_eau_ecs_centre_defaut,<value>°C,<value>,<value>,<value>,<value>
text_oui_simultane_ecs_centre_defaut,Oui,Yes,Sim,Oui,Oui
text_non_simultane_ecs_centre_defaut,Non,No,Não,Non,Non
text_oui_non_simultane_ecs_centre_defaut,"Voulez-vous activer la gestion ECS
en simultané ?","Voulez-vous activer la gestion ECS
en simultané ?","Voulez-vous activer la gestion ECS
en simultané ?","Voulez-vous activer la gestion ECS
en simultané ?","Voulez-vous activer la gestion ECS
en simultané ?"
text_valeur_etat_contact_solaire_ecs_ouvert_centre_defaut,Ouvert,New Text,New Text,New Text,New Text
text_contact_solaire_ecs_centre_defaut,Entrée solaire activée pour autoriser la production d'ECS ?,"Voulez-vous activer la gestion ECS
en simultané ?","Voulez-vous activer la gestion ECS
en simultané ?","Voulez-vous activer la gestion ECS
en simultané ?","Voulez-vous activer la gestion ECS
en simultané ?"
text_oui_solaire_ecs_centre_defaut,Oui,Yes,Sim,Oui,Oui
text_non_solaire_ecs_centre_defaut,Non,No,Não,Non,Non
text_valeur_etat_contact_solaire_ecs_ferme_centre_defaut,Fermé,New Text,New Text,New Text,New Text
text_valeur_etat_contact_solaire_ecs_centre_defaut,<value>,<value>,<value>,<value>,<value>
text_etat_contact_solaire_ecs_centre_defaut,Etat du contact en entrée pour autoriser l'ECS,Maximum thermodynamic cycle duration or deactivate the function,Duração máxima do ciclo termodinâmico ou desativação da função,Durée du cycle thermodynamique max ou désactiver la fonction,Durée du cycle thermodynamique max ou désactiver la fonction
text_texte_secours_ecs_centre_defaut,"En activant cette fonction, la production ECS sera réalisée uniquement par les résistances électriques.",New Text,New Text,New Text,New Text
text_texte_secours_pac_centre_defaut,Cette action arrête la PAC et active le chauffage par les résistances ou la chaudière.,New Text,New Text,New Text,New Text
text_question_secours_centre_defaut,Voulez-vous activer le mode secours ?,New Text,New Text,New Text,New Text
text_secours_pac_centre_defaut,Secours PAC,Rescue,Resgatar,Secours,Secours
text_secours_ecs_centre_defaut,Secours ECS,Rescue DHW,Resgatar,Secours ECS,Secours ECS
text_valeur_mode_test_1_centre_defaut,<value>,<value>,<value>,<value>,<value>
text_test_code_centre_defaut,Test code,Test code,Código de teste,Test code,Test code
text_valeur_test_code_1_centre_defaut,<value>,<value>,<value>,<value>,<value>
text_valeur_test_code_2_centre_defaut,0,0,0,0,0
text_question_test_pac_centre_defaut,Test PAC ?,HP test ?,Teste PAC ?,Test PAC ?,Test PAC ?
text_oui_test_pac_centre_defaut,Oui,Yes,Sim,Oui,Oui
text_non_test_pac_centre_defaut,Non,No,Não,Non,Non
text_valeur_mode_test_2_centre_defaut,Chaud,Heat,Quente,Chaud,Chaud
text_mode_test_centre_defaut,Mode test PAC,HP test mode,Modo de teste PAC,Mode test PAC,Mode test PAC
text_valeur_puissance_test_1_centre_defaut,<value>,<value>,<value>,<value>,<value>
text_valeur_puissance_test_2_centre_defaut,Auto,Auto,Carro,Auto,Auto
text_puissance_test_centre_defaut,Puissance mode test,Test mode power,Potência do modo de teste,Puissance mode test,Puissance mode test
text_sika_vtr1050_centre_defaut,SIKA VTR1050,New Text,New Text,New Text,New Text
text_sika_40_centre_defaut,SIKA 40,New Text,New Text,New Text,New Text
text_sika_32_centre_defaut,SIKA 32,New Text,New Text,New Text,New Text
text_huba_32_centre_defaut,HUBA 32,New Text,New Text,New Text,New Text
text_huba_25_centre_defaut,HUBA 25,New Text,New Text,New Text,New Text
text_huba_20_centre_defaut,HUBA 20,New Text,New Text,New Text,New Text
text_huba_15_centre_defaut,HUBA 15,New Text,New Text,New Text,New Text
Text_offset_loi_eau_centre_defaut,Offset sur la loi d'eau,New Text,New Text,New Text,New Text
text_ballon_tampon_centre_defaut,Ballon tampon,New Text,New Text,New Text,New Text
text_pac_centre_defaut,PAC,Maximum thermodynamic cycle duration or deactivate the function,Duração máxima do ciclo termodinâmico ou desativação da função,Durée du cycle thermodynamique max ou désactiver la fonction,Durée du cycle thermodynamique max ou désactiver la fonction
text_ajpac_mono_16kw_centre_defaut,Mono 16kW,Yes,Sim,Oui,Oui
text_nb_comp_centre_defaut,Nombre de compresseurs,Maximum thermodynamic cycle duration or deactivate the function,Duração máxima do ciclo termodinâmico ou desativação da função,Durée du cycle thermodynamique max ou désactiver la fonction,Durée du cycle thermodynamique max ou désactiver la fonction
text_nb_comp_valeur_centre_defaut,<Value>,<Value>,<Value>,<Value>,<Value>
text_nb_comp_valeur_init_centre_defaut,1,New Text,New Text,New Text,New Text
text_type_circ_captage_centre_defaut,Type circulateur captage,Maximum thermodynamic cycle duration or deactivate the function,Duração máxima do ciclo termodinâmico ou desativação da função,Durée du cycle thermodynamique max ou désactiver la fonction,Durée du cycle thermodynamique max ou désactiver la fonction
text_cirucalteur_grundfos_centre_defaut,Grundfos,Yes,Sim,Oui,Oui
text_geotwin_reversible_centre_defaut,GEOTWIN reversible ?,Maximum thermodynamic cycle duration or deactivate the function,Duração máxima do ciclo termodinâmico ou desativação da função,Durée du cycle thermodynamique max ou désactiver la fonction,Durée du cycle thermodynamique max ou désactiver la fonction
text_type_debitmetre_captage_centre_defaut,Type débitmètre captage,Maximum thermodynamic cycle duration or deactivate the function,Duração máxima do ciclo termodinâmico ou desativação da função,Durée du cycle thermodynamique max ou désactiver la fonction,Durée du cycle thermodynamique max ou désactiver la fonction
text_huba_10_centre_defaut,HUBA 10,Yes,Sim,Oui,Oui
text_type_debitmetre_chauffage_centre_defaut,Type débitmètre chauffage,Maximum thermodynamic cycle duration or deactivate the function,Duração máxima do ciclo termodinâmico ou desativação da função,Durée du cycle thermodynamique max ou désactiver la fonction,Durée du cycle thermodynamique max ou désactiver la fonction
text_nappe_directe_centre_defaut,Nappe directe,DHW loop,Ciclo de AQS,Bouclage ECS,Bouclage ECS
text_demarreur_progressif_centre_defaut,Démarreur progressif ?,DHW loop,Ciclo de AQS,Bouclage ECS,Bouclage ECS
text_choix_fluide_c1_centre_defaut,Fluide C1,Maximum thermodynamic cycle duration or deactivate the function,Duração máxima do ciclo termodinâmico ou desativação da função,Durée du cycle thermodynamique max ou désactiver la fonction,Durée du cycle thermodynamique max ou désactiver la fonction
text_choix_fluide_c2_centre_defaut,Fluide C2,Maximum thermodynamic cycle duration or deactivate the function,Duração máxima do ciclo termodinâmico ou desativação da função,Durée du cycle thermodynamique max ou désactiver la fonction,Durée du cycle thermodynamique max ou désactiver la fonction
text_choix_fluide_r410a_centre_defaut,R410A,Yes,Sim,Oui,Oui
text_adresse_pac_centre_defaut,Adresse PAC,Maximum thermodynamic cycle duration or deactivate the function,Duração máxima do ciclo termodinâmico ou desativação da função,Durée du cycle thermodynamique max ou désactiver la fonction,Durée du cycle thermodynamique max ou désactiver la fonction
text_adresse_pac_valeur_centre_defaut,<Value>,<Value>,<Value>,<Value>,<Value>
text_adresse_pac_valeur_numerique_centre_defaut,1,New Text,New Text,New Text,New Text
text_puissance_pac_centre_defaut,Puissance de la PAC,Maximum thermodynamic cycle duration or deactivate the function,Duração máxima do ciclo termodinâmico ou desativação da função,Durée du cycle thermodynamique max ou désactiver la fonction,Durée du cycle thermodynamique max ou désactiver la fonction
text_puissance_pac_valeur_centre_defaut,<Value>,<Value>,<Value>,<Value>,<Value>
text_puissance_pac_valeur_numerique_centre_defaut,12,New Text,New Text,New Text,New Text
text_type_pac_centre_defaut,Type PAC,Maximum thermodynamic cycle duration or deactivate the function,Duração máxima do ciclo termodinâmico ou desativação da função,Durée du cycle thermodynamique max ou désactiver la fonction,Durée du cycle thermodynamique max ou désactiver la fonction
text_type_pac_inverterra_r454c_centre_defaut,Inverterra R454C,Inverterra R454C,Inverterra R454C,Inverterra R454C,Inverterra R454C
text_alim_pac_centre_defaut,Alimentation mono/tri,Maximum thermodynamic cycle duration or deactivate the function,Duração máxima do ciclo termodinâmico ou desativação da função,Durée du cycle thermodynamique max ou désactiver la fonction,Durée du cycle thermodynamique max ou désactiver la fonction
text_alim_pac_mono_centre_defaut,Mono 1~,Inverterra R454C,Inverterra R454C,Inverterra R454C,Inverterra R454C
text_reversible_centre_defaut,Inverterra reversible ?,DHW loop,Ciclo de AQS,Bouclage ECS,Bouclage ECS
text_off_centre_defaut,Off,Off,Off,Off,Off
config_pac_usine_centre_defaut,"Configuration
PAC usine","Configuration
HP factory","Configuração
Fábrica de PAC","Configuration
PAC usine","Configuration
PAC usine"
param_avances_usine_centre_defauts,"Paramètres
avancés","Settings
advances","Configurações
avanços","Paramètres
avancés","Paramètres
avancés"
installation_usine_centre_defaut,Installation,Installation,Instalação,Installation,Installation
variables_systeme_usine_centre_defauts,"Variables
système","Variables
system","Variáveis
sistema","Variables
système","Variables
système"
maintenance_usine_centre_defaut,Maintenance,Maintenance,Manutenção,Maintenance,Maintenance
synoptique_usine_centre_defaut,Synoptique,Synoptic,Sinóptico,Synoptique,Synoptique
historique_usine_centre_defaut,Historique,Historical,Histórico,Historique,Historique
test_pac_usine_centre_defaut,Test PAC,HP test,Teste PAC,Test PAC,Test PAC
raz_code_maintenance_usine_centre_defaut,"RAZ code
maintenance","Reset code
maintenance","Reiniciar código
manutenção","RAZ code
maintenance","RAZ code
maintenance"
raz_code_installation_centre_defaut,"RAZ code
installation","Reset code
installation","Reiniciar código
instalação","RAZ code
installation","RAZ code
installation"
raz_config_usine_centre_defaut,"RAZ config
usine","Reset config
factory","Redefinir configuração
fábrica","RAZ config
usine","RAZ config
usine"
text_sajiter_centre_defaut,SAJITER,DHW loop,Ciclo de AQS,Bouclage ECS,Bouclage ECS
text_on_off_sajiter_centre_defaut,<Value>,<Value>,<Value>,<Value>,<Value>
text_on_off_sajiter_valeur_centre_defaut,Off,New Text,New Text,New Text,New Text
text__module_2_zones_int_centre_defaut,Module 2 zones intégrées ?,Maximum thermodynamic cycle duration or deactivate the function,Duração máxima do ciclo termodinâmico ou desativação da função,Durée du cycle thermodynamique max ou désactiver la fonction,Durée du cycle thermodynamique max ou désactiver la fonction
text_ajpac_iii_centre_defaut,AJPAC III,New Text,New Text,New Text,New Text
text_choix_modele_pac_centre_defaut,PAC,Maximum thermodynamic cycle duration or deactivate the function,Duração máxima do ciclo termodinâmico ou desativação da função,Durée du cycle thermodynamique max ou désactiver la fonction,Durée du cycle thermodynamique max ou désactiver la fonction
text_alim_pac_tri_centre_defaut,Tri 3~,New Text,New Text,New Text,New Text
text_non_utilise_centre_defaut,NU,New Text,New Text,New Text,New Text
text_affectation_fct_centre_defaut,Affectation des fonctions,New Text,New Text,New Text,New Text
text_tri_24_ajpac_centre_defaut,Tri 24kW,New Text,New Text,New Text,New Text
text_tri_20_ajpac_centre_defaut,Tri 20kW,New Text,New Text,New Text,New Text
text_tri_16_ajpac_centre_defaut,Tri 16kW,New Text,New Text,New Text,New Text
text_mono_16_ajpac_centre_defaut,Mono 16kW,New Text,New Text,New Text,New Text
text_config_inverterra_centre_defaut,Configuration INVERTERRA,New Text,New Text,New Text,New Text
text_config_ajpac_centre_defaut,Configuration AJPAC,New Text,New Text,New Text,New Text
text_config_geotwin_centre_defaut,Configuration GEOTWIN,New Text,New Text,New Text,New Text
text_choix_fluide_centre_defaut,Choix du fluide frigorifique,New Text,New Text,New Text,New Text
text_config_additionnelle_centre_defaut,Configuration additionnelle PAC,New Text,New Text,New Text,New Text
text_question_mode_simultane_piscine_centre_defaut,Voulez-vous activer la gestion piscine en simultané ?,New Text,New Text,New Text,New Text
text_zone_1_temp_orange_init_centre_defaut,12.0,New Text,New Text,New Text,New Text
text_zone_2_temp_orange_init_centre_defaut,12.0,New Text,New Text,New Text,New Text
text_derog_pression_bp_centre_defaut,Dérogation pression BP,New Text,New Text,New Text,New Text
text_derog_pression_centre_defaut,Dérogation pression,New Text,New Text,New Text,New Text
text_ejp_centre_defaut,EJP,New Text,New Text,New Text,New Text
text_shunt_tempo_centre_defaut,Shunt tempo,New Text,New Text,New Text,New Text
text_test_pac_centre_defaut,TEST PAC,New Text,New Text,New Text,New Text
text_zone_3_temp_orange_init_centre_defaut,12.0,New Text,New Text,New Text,New Text
text_zone_4_temp_orange_init_centre_defaut,12.0,New Text,New Text,New Text,New Text
text_zone_5_temp_orange_init_centre_defaut,12.0,New Text,New Text,New Text,New Text
text_zone_6_temp_orange_init_centre_defaut,12.0,New Text,New Text,New Text,New Text
text_zone_7_temp_orange_init_centre_defaut,12.0,New Text,New Text,New Text,New Text
text_zone_8_init_centre_defaut,Zone 8,New Text,New Text,New Text,New Text
text_zone_8_centre_defaut,<Value>,<Value>,<Value>,<Value>,<Value>
text_zone_8_temp_orange_init_centre_defaut,12.0,New Text,New Text,New Text,New Text
text_zone_8_temp_orange_centre_defaut,<value>,New Text<value>,New Text<value>,New Text<value>,New Text<value>
text_zone_1_temp_orange_centre_defaut,<value>,New Text<value>,New Text<value>,New Text<value>,New Text<value>
text_zone_2_temp_orange_centre_defaut,<value>,New Text<value>,New Text<value>,New Text<value>,New Text<value>
text_zone_3_temp_orange_centre_defaut,<value>,New Text<value>,New Text<value>,New Text<value>,New Text<value>
text_zone_4_temp_orange_centre_defaut,<value>,New Text<value>,New Text<value>,New Text<value>,New Text<value>
text_zone_5_temp_orange_centre_defaut,<value>,New Text<value>,New Text<value>,New Text<value>,New Text<value>
text_zone_6_temp_orange_centre_defaut,<value>,New Text<value>,New Text<value>,New Text<value>,New Text<value>
text_zone_7_temp_orange_centre_defaut,<value>,New Text<value>,New Text<value>,New Text<value>,New Text<value>
text_zone_7_init_centre_defaut,Zone 7,New Text,New Text,New Text,New Text
text_zone_7_centre_defaut,<Value>,<Value>,<Value>,<Value>,<Value>
text_zone_6_init_centre_defaut,Zone 6,New Text,New Text,New Text,New Text
text_zone_6_centre_defaut,<Value>,<Value>,<Value>,<Value>,<Value>
text_zone_5_init_centre_defaut,Zone 5,New Text,New Text,New Text,New Text
text_zone_5_centre_defaut,<Value>,<Value>,<Value>,<Value>,<Value>
text_zone_4_init_centre_defaut,Zone 4,New Text,New Text,New Text,New Text
text_zone_4_centre_defaut,<Value>,<Value>,<Value>,<Value>,<Value>
text_zone_3_init_centre_defaut,Zone 3,New Text,New Text,New Text,New Text
text_zone_3_centre_defaut,<Value>,<Value>,<Value>,<Value>,<Value>
text_zone_2_init_centre_defaut,Zone 2,New Text,New Text,New Text,New Text
text_zone_2_centre_defaut,<Value>,<Value>,<Value>,<Value>,<Value>
text_zone_1_init_centre_defaut,Zone 1,New Text,New Text,New Text,New Text
text_zone_1_centre_defaut,<Value>,<Value>,<Value>,<Value>,<Value>
text_valeur_nb_jours_absence_init_centre_defaut,8,New Text,New Text,New Text,New Text
text_valeur_nb_jours_absence_centre_defaut,<value> jours,<value>,<value>,<value>,<value>
text_nb_jours_absence_centre_defaut,Nombre de jours d'absence ?,Maximum thermodynamic cycle duration or deactivate the function,Duração máxima do ciclo termodinâmico ou desativação da função,Durée du cycle thermodynamique max ou désactiver la fonction,Durée du cycle thermodynamique max ou désactiver la fonction
text_question_vacances_centre_defaut,Voulez-vous activer le mode vacances ?,Do you want to force a DHW cycle?,Quer forçar um ciclo de AQS?,Voulez-vous forcer un cycle ECS ?,Voulez-vous forcer un cycle ECS ?
text_infos_systeme_gamme_droite_defaut,Gamme,New Text,New Text,New Text,New Text
text_titre_centre_large,<value>,<value>,<value>,<value>,<value>
text_zone_temp_jaune_init_centre_defaut,12.0,New Text,New Text,New Text,New Text
text_zone_temp_jaune_centre_defaut,<value>,New Text<value>,New Text<value>,New Text<value>,New Text<value>
text_zone_temp_orange_init_centre_defaut,12.0,New Text,New Text,New Text,New Text
text_zone_temp_rouge_centre_defaut,<value>,New Text<value>,New Text<value>,New Text<value>,New Text<value>
text_hyst_plus_val,4.0,New Text,New Text,New Text,New Text
text_zone_temp_orange_centre_defaut,<value>,New Text<value>,New Text<value>,New Text<value>,New Text<value>
text_zone_chaud_centre_defaut,Chaud,Heat,Quente,Chaud,Chaud
text_zone_arret_centre_defaut,Arrêt,Stop,Parar,Arrêt,Arrêt
text_zone_auto_prog_centre_defaut,Auto/prog,Auto/prog,Auto/prog,Auto/prog,Auto/prog
text_zone_derogation_centre_defaut,Dérogation,Exemption,Isenção,Dérogation,Dérogation
text_appoint_centre_defaut,Appoint,Heating adding,Suplemento,Appoint,Appoint
text_zone_froid_centre_defaut,Froid,Cold,Frio,Froid,Froid
text_zone_hors_gel_centre_defaut,Hors gel,Frost free,Livre de gelo,Hors gel,Hors gel
